CodigoLocalidad;L1G;L2G;L3G;L4G;L5G
1;2201;4034;110;0;59
2;69;204;9;0;3
3;80;157;0;1;1
4;97;178;4;0;2
5;217;200;1;0;4
7;495;889;3;0;52
8;275;708;25;0;26
9;846;702;33;0;25
10;383;444;0;0;25
11;269;373;10;0;12
12;358;722;9;0;25
13;491;674;26;0;27
14;540;832;38;0;19
15;145;126;2;0;2
16;1127;2104;47;2;25
17;93;182;1;0;1
18;56;141;0;0;1
19;0;0;0;0;0
20;121;348;5;0;5
21;695;1206;45;0;35
22;12;25;0;1;0
23;97;150;7;0;4
24;238;189;9;0;2
27;80;113;1;0;3
28;393;707;21;0;15
29;214;294;7;0;4
30;2705;3781;122;0;81
32;294;662;18;0;19
34;7;4;0;0;2
35;69;107;2;0;4
36;15339;24685;854;8;633
37;155;89;5;0;1
38;3241;5562;180;3;120
39;242;614;10;0;9
41;497;1272;64;1;27
42;737;1974;37;0;98
43;1183;2031;70;0;32
45;2031;3576;86;0;64
46;726;1098;38;0;49
47;742;867;21;0;16
48;35;24;2;2;0
49;290;266;5;0;9
50;518;433;7;2;12
51;81;94;3;0;4
52;60;52;1;0;0
53;640;747;21;0;22
54;82;44;2;0;2
55;318;205;2;0;2
56;1403;2333;80;0;46
57;103;157;0;0;18
58;106;178;7;0;1
59;222;270;7;0;1
60;262;273;15;0;8
61;638;1042;30;4;29
62;178;231;6;0;7
65;645;890;32;0;20
66;24;15;0;2;0
67;96;100;1;0;3
68;241;140;3;0;0
69;138;214;9;0;2
70;179;183;14;0;7
71;679;1938;43;1;26
72;131;206;4;0;5
73;1031;1332;28;0;38
74;1960;3474;97;2;60
75;44;79;0;0;0
76;296;311;8;0;6
77;103;83;3;0;3
79;1011;889;29;0;20
80;34375;35099;1465;28;1153
81;87;288;12;0;8
82;63;79;0;0;1
83;194;338;10;0;1
84;456;515;18;1;3
85;4984;5921;233;3;157
86;95;233;9;0;1
87;15;35;0;0;0
88;1256;1278;41;4;34
89;23;74;2;0;0
90;507;400;13;0;8
91;239;260;0;0;5
92;1933;2176;77;0;39
93;178;274;8;0;8
94;820;1185;28;0;30
1019;26;19;1;1;0
