CodigoLocalidad;L1DP;L1G;L2DP;L2G;L3DP;L3G;L4DP;L4G;L5DP;L5G
1;1054;1012;0;543;1830;1782;0;2962;116;113
2;129;109;0;17;69;62;0;101;2;1
3;59;58;0;17;73;73;0;95;1;1
4;71;72;0;15;81;74;0;112;5;5
5;61;61;0;19;198;196;0;128;7;7
7;469;450;0;95;409;401;0;481;23;22
8;360;350;0;63;249;238;0;409;8;9
9;276;257;0;94;762;758;0;451;49;39
10;152;152;0;49;353;347;0;264;10;10
11;146;144;0;30;249;238;0;221;18;14
12;338;334;0;106;327;327;0;426;14;13
13;255;259;0;121;396;356;0;420;29;32
14;310;291;0;106;476;467;0;578;19;16
15;61;60;0;10;144;139;0;63;4;4
16;716;687;0;179;1060;1049;0;1382;11;31
17;79;76;0;9;75;72;0;115;3;3
18;34;33;0;5;54;56;0;114;2;3
19;1;1;0;0;0;0;0;0;1;1
20;145;138;0;40;103;103;0;207;8;7
21;621;598;0;157;558;566;0;637;64;52
22;15;15;0;1;7;7;0;13;0;1
23;86;86;0;16;78;71;0;82;6;7
24;49;48;0;14;218;219;0;154;1;1
27;42;42;0;12;74;70;0;61;3;3
28;477;448;0;89;333;317;0;317;15;14
29;124;115;0;43;174;175;0;178;8;8
30;1452;1379;0;497;2338;2348;0;2386;122;119
32;286;278;0;66;227;217;0;383;26;20
34;3;3;0;2;7;5;0;4;0;0
35;49;54;0;15;53;49;0;57;2;1
36;9701;9384;0;3413;12692;12637;0;15001;1156;1156
37;23;24;0;13;139;140;0;65;9;10
38;2160;2210;0;543;2458;2435;0;3302;145;149
39;302;295;0;44;183;182;0;321;24;22
41;679;644;0;187;380;360;0;690;44;41
42;909;877;0;228;591;576;0;1231;74;69
43;933;894;0;209;1031;1013;0;1191;31;32
45;1471;1435;0;439;1681;1673;0;2215;97;92
46;505;484;0;131;641;572;0;695;5;8
47;268;274;0;117;656;644;0;595;38;38
48;11;13;0;2;32;32;0;16;0;0
49;133;136;0;29;262;250;0;199;11;10
50;179;183;0;33;531;525;0;232;10;11
51;26;26;0;10;76;70;0;68;1;1
52;14;12;0;2;61;60;0;35;0;0
53;234;218;0;53;666;656;0;477;15;18
54;13;14;0;3;83;81;0;30;3;3
55;76;71;0;9;307;305;0;152;2;3
56;1153;1100;0;275;1187;1170;0;1327;66;63
57;51;51;0;26;94;90;0;99;8;7
58;88;74;0;27;85;79;0;98;3;2
59;96;93;0;31;210;202;0;167;4;3
60;173;148;0;38;204;202;0;151;13;11
61;480;463;0;116;569;545;0;626;27;26
62;94;89;0;30;152;152;0;133;10;7
65;509;497;0;120;531;535;0;450;29;27
66;3;3;0;1;23;20;0;19;1;1
67;34;33;0;12;75;77;0;67;3;4
68;59;58;0;7;243;241;0;82;7;7
69;74;75;0;30;140;139;0;190;10;9
70;97;93;0;24;161;161;0;114;6;6
71;1026;997;0;191;521;520;0;968;57;53
72;77;86;0;21;102;97;0;140;3;3
73;568;548;0;168;856;855;0;798;54;52
74;1502;1465;0;469;1690;1694;0;1915;81;78
75;28;29;0;3;35;36;0;46;3;3
76;126;121;0;37;261;258;0;193;10;9
77;19;19;0;6;102;101;0;64;3;3
79;284;276;0;87;939;911;0;650;42;45
80;15100;14489;0;6051;29545;29593;0;20941;2388;2134
81;158;156;0;34;71;68;0;152;8;8
82;22;22;0;2;59;58;0;53;2;2
83;109;107;0;38;164;163;0;208;15;15
84;150;144;0;51;437;433;0;372;13;13
85;2252;2138;0;840;4463;4435;0;4108;344;301
86;110;108;0;14;95;83;0;143;3;2
87;17;15;0;4;13;13;0;19;0;0
88;475;440;0;183;975;1077;0;892;25;23
89;38;38;0;2;20;19;0;43;2;2
90;93;88;0;40;443;443;0;283;16;15
91;96;92;0;15;221;221;0;168;10;10
92;962;931;0;287;1619;1601;0;1297;117;114
93;118;118;0;30;151;148;0;153;13;12
94;542;512;0;104;702;701;0;685;31;29
1019;6;5;0;0;23;23;0;13;0;0
