CodigoLocalidad;L1DP;L2DP;L3DP;L4DP;L5DP;L6DP;L7DP;L8DP;L9DP
28;372;463;15;71;8;21;33;3;0
56;1307;1455;55;465;29;44;97;12;0
61;839;631;16;101;10;18;26;1;0
76;306;197;20;57;5;12;8;0;0
86;109;161;6;14;4;4;1;0;4
9;848;431;72;101;19;24;27;2;0
80;31881;25897;1733;4518;851;657;1171;51;9
47;631;437;31;117;16;24;19;1;0
16;1312;1376;57;165;16;28;49;5;1
48;33;19;3;5;0;0;1;0;0
53;602;592;10;24;8;16;24;0;0
90;469;253;11;44;6;8;16;1;0
34;10;5;0;0;0;0;1;0;0
79;990;546;16;92;20;21;27;2;0
12;422;402;28;125;13;8;27;5;0
82;84;42;0;3;0;0;1;0;0
17;101;140;3;26;1;0;5;0;0
20;142;209;8;22;4;6;6;0;0
45;2248;2436;77;416;52;60;86;13;23
91;252;182;5;15;5;8;2;1;0
5;212;96;3;12;2;6;4;0;0
49;241;187;4;21;5;7;17;0;0
24;255;117;4;9;5;3;4;2;0
30;2409;2508;100;678;101;89;128;15;1
58;84;114;9;41;2;0;1;0;0
62;169;150;11;17;4;11;6;0;0
77;202;53;3;5;3;6;2;0;0
94;752;816;20;157;16;18;37;6;0
37;169;44;2;6;2;5;9;0;0
68;220;77;1;20;4;1;1;1;0
7;512;523;20;219;14;32;17;0;0
39;211;445;21;64;16;17;12;2;0
42;750;1476;51;209;20;51;71;2;0
66;17;15;0;2;0;1;1;0;0
81;95;170;6;54;2;14;5;0;0
13;510;421;23;68;12;20;32;0;0
2;72;102;4;26;3;8;15;0;0
41;518;910;32;102;19;33;44;1;0
46;692;790;30;179;9;15;18;5;0
15;146;62;3;5;0;4;0;0;0
54;82;17;0;3;1;1;2;0;0
55;340;120;2;14;0;2;1;2;0
84;443;362;11;48;7;15;25;0;0
92;1503;1352;75;426;39;46;78;8;2
27;80;80;8;1;0;1;0;0;0
51;87;65;2;7;1;2;3;0;0
52;35;27;2;6;0;1;1;0;0
4;125;109;2;25;4;2;6;0;0
29;202;177;7;51;8;6;7;0;0
36;14985;18200;634;2965;571;418;759;27;0
83;231;247;12;39;12;3;10;1;0
87;13;25;0;1;1;0;0;0;0
1;2467;2631;85;298;68;53;100;3;0
69;161;120;9;13;3;2;10;1;0
21;620;628;61;385;21;31;37;0;0
60;247;143;13;77;9;5;11;3;0
71;743;1406;34;198;22;28;41;2;0
75;49;54;3;3;2;1;2;0;0
22;7;22;0;5;0;0;0;0;0
93;179;164;7;38;7;8;4;1;0
14;488;536;25;108;7;13;43;1;0
65;0;1;0;1;0;0;0;0;0
50;456;244;7;50;5;16;10;0;0
65;542;463;23;308;8;26;20;0;0
67;91;65;3;12;2;7;0;0;0
72;157;121;2;22;0;9;0;0;0
73;1043;667;28;169;15;34;40;2;0
3;110;91;4;17;1;1;6;0;0
8;278;425;15;193;11;22;18;3;0
57;119;93;5;14;6;4;9;0;0
32;268;433;11;128;6;12;16;0;0
35;67;83;5;9;5;5;4;0;0
43;1085;1634;40;233;28;28;76;44;0
74;1901;2552;58;267;38;51;107;2;0
85;4902;4795;281;790;83;62;111;15;1
10;385;278;9;68;4;11;6;0;0
59;292;143;3;15;3;7;4;0;0
88;1197;925;29;128;25;37;46;3;0
11;219;208;14;171;8;6;8;0;0
23;71;102;1;60;1;2;4;0;0
18;53;93;2;17;1;5;0;2;0
38;2585;3299;123;1710;74;118;203;6;3
70;161;131;3;27;3;6;4;1;0
89;24;42;3;20;1;3;1;0;0
1019;89;86;5;25;1;2;4;2;0
