id;localidad;MONTOS;id_concepto;CONCEPTOS;;;
2;Abramo;800000;27;D.G.E. ;;;
5;Algarrobo del Águila;;;;;;
6;Alta Italia;500000;;4 de 4- Compra de Camión ;;;
7;Alpachiri;;;;;;
9;Anguil;;;;;;
10;Arata;;;;;;
13;Ataliva Roca;500000;;2 de 6 cuotas- Obra Relleno Sanitario;;;Ok
14;Bernardo Larroude;;;;;;
15;Bernasconi;;;;;;
16;Caleufú;800000;27;D.G.E. ;;;
18;Carro Quemado;800000;27;D.G.E. ;;;
20;Catriló;500000;27;D.G.E. ;;;
21;Ceballos;;;;;;
25;Colonia Barón;1000000;27;D.G.E. ;;;
27;Conhello;;;;;;
28;Coronel Hilario Lagos;500000;27;D.G.E. ;;;
30;Doblas;500000;27;D.G.E. ;;;
31;Dorila;400000;27;D.G.E. ;;;
32;Eduardo Castex;300000;;6 de 8 cuotas- Refacción Basurero;;;
34;Embajador Martini;;;;;;
36;General Acha;170400;;Gasto Covid;;;
36;General Acha;100000;;Programa Médico de Pueblo;;;
36;General Acha;750000;;Para obra Iluminación ;;;
37;General Campos;500000;;Obra terminación de viviendas ;;;
38;General Pico;;;;;;
39;General San Martín;;;;;;
40;Gobernador Duval;700000;27;D.G.E. ;;;
41;Guatraché;;;;;;
44;Ingeniero Luiggi;2500000;27;D.G.E. ;;;
45;Intendente Alvear;2000000;27;D.G.E. ;;;
46;Jacinto Arauz;1000000;;3 de 5 cuotas- Obra Cordon Cuneta ;;;
47;La Adela;800000;27;D.G.E. ;;;
48;La Humada;700000;27;D.G.E. ;;;
49;La Maruja;300000;;3 de 7 cuotas- Adquisición Retropala ;;;
49;La Maruja;700000;27;D.G.E. ;;;
52;Lonquimay;900000;27;D.G.E. ;;;
52;Lonquimay;700000;;Obra de gas;;;
54;Luan Toro;1000000;;4 de 8 cuotas- Compra Pala Cargadora;;;Ok
54;Luan Toro;670000;;Adquisición Camión ;;;
55;Macachín;1000000;;Compra Camión ;;;
56;Mauricio Mayer;;;;;;
57;Metileo;500000;;6 de 6 cuotas- Adquisición Motoniveladora ;;;
58;Miguel Cane;500000;27;D.G.E. ;;;
59;Miguel Riglos;1500000;;Obra Centro de Rehabiltación ;;;
;;1500000;;Para Compra material Asfaltico (1 de 2 cuotas);;;
;;;;;;;
61;Parera;;;;;;
65;Puelches;500000;27;D.G.E. ;;;
66;Puelén;;;;;;
67;Quehué;;;;;;
68;Quemú Quemú;;;;;;
70;Rancul;;;;;;
71;Realicó;1000000;27;D.G.E. ;;;
73;Rolón;;;;;;
75;Santa Isabel;2000000;27;D.G.E. ;;;
76;Santa Rosa;2000000;;Reparación maquinarias Parque Automotor ;;;
94;Colonia Santa Teresa;;;;;;
79;Telén;1000000;27;D.G.E. ;;;
80;Toay;3000000;;Adquisición Pala Cargadora;;;
81;Tomás Manuel de Anchorena;1000000;;Obra Frigorifico ;;;
82;Trenel;600000;27;D.G.E. ;;;
;;1700000;27;D.G.E. (Transporte);;;
84;Uriburu;;;;;;
1;Veinticinco de mayo;;;;;;
87;Vertiz;600000;27;D.G.E.;;;
88;Victorica;218050;;Gasto Covid;;;
89;Villa Mirasol;1000000;;Obra Cancha de paddle;;;
90;Winifreda;2000000;;Obra Parque Acuatico ;;;
3;Adolfo Van Praet;;;;;;
4;Agustoni;;;;;;
22;Chacharramendi;;;;;;
93;Colonia Santa María;;;;;;
29;Cuchillo Có;300000;27;D.G.E. ;;;
35;Falucho;;;;;;
50;La Reforma;;;;;;
51;Limay Mahuida;;;;;;
53;Loventué;1000000;27;D.G.E. ;;;
96;Maisonnave;;;;;;
97;Perú;;;;;;
63;Pichi Huinca;;;;;;
69;Quetrequén;300000;27;D.G.E. ;;;
72;Relmo;200000;27;D.G.E. ;;;
74;Rucanelo;500000;;6 de 6 cuotas- Compra Pala Cargadora;;;
77;Sarah;300000;27;D.G.E. ;;;
78;Speluzzi;;;;;;
83;Unanue;;;;;;
