id;localidad;monto;id_concepto;CONCEPTOS
2;Abramo;600000;27;D.G.E.
5;Algarrobo del Águila;500000;27;D.G.E.
6;Alta Italia;;;
7;Alpachiri;800000;27;D.G.E.
9;Anguil;;;
10;Arata;600000;27;D.G.E.
13;Ataliva Roca;;;
14;Bernardo Larroude;2000000;;Asfalto
15;Bernasconi;200000;;2 de 4 cuotas- Limpieza Canales
15;Bernasconi;500000;;Adquisición Tractor 
16;Caleufú;800000;27;D.G.E.
18;Carro Quemado;500000;27;D.G.E.
20;Catriló;600000;27;D.G.E.
21;Ceballos;30000;27;D.G.E.
25;Colonia Barón;700000;27;D.G.E.
27;Conhello;500000;27;D.G.E.
28;Coronel Hilario Lagos;550000;27;D.G.E.
30;Doblas;1000000;27;D.G.E.
31;Dorila;800000;27;D.G.E.
32;Eduardo Castex;20000;27;D.G.E.
34;Embajador Martini;600000;27;D.G.E.
36;General Acha;;;
37;General Campos;1200000;;4 de 4  cuotas- Compra Motoniveladora
38;General Pico;1500000;27;D.G.E.
39;General San Martín;;;
40;Gobernador Duval;1000000;27;D.G.E.
41;Guatraché;;;
44;Ingeniero Luiggi;3000000;27;D.G.E.
45;Intendente Alvear;1200000;27;D.G.E.
46;Jacinto Arauz;700000;27;D.G.E.
47;La Adela;1000000;27;D.G.E.
48;La Humada;1000000;27;D.G.E.
49;La Maruja;1200000;27;D.G.E.
52;Lonquimay;600000;27;D.G.E.
52;Lonquimay;1000000;;Obra de Gas 
54;Luan Toro;1000000;27;D.G.E.
55;Macachín;1000000;27;D.G.E.
56;Mauricio Mayer;;;
57;Metileo;2000000;;Compra Material para Asfalto
58;Miguel Cane;800000;27;D.G.E.
59;Miguel Riglos;800000;27;D.G.E.
60;Monte Nievas;300000;27;D.G.E.
61;Parera;300000;27;D.G.E.
65;Puelches;2000000;;Obra Cumelen
65;Puelches;500000;27;D.G.E.
66;Puelén;1000000;27;D.G.E.
67;Quehué;400000;27;D.G.E.
68;Quemú Quemú;600000;27;D.G.E.
70;Rancul;;;
71;Realicó;441000;;Gastos Covid
71;Realicó;1000000;27;D.G.E.
73;Rolón;1000000;27;D.G.E.
75;Santa Isabel;800000;27;D.G.E.
76;Santa Rosa;2200000;27;D.G.E.
94;Colonia Santa Teresa;;;
79;Telén;1500000;27;D.G.E.
80;Toay;2000000;27;D.G.E.
81;Tomás Manuel de Anchorena;500000;27;D.G.E.
82;Trenel;1500000;27;D.G.E.
84;Uriburu;2000000;;Compra Camión Regador 
1;Veinticinco de mayo;1200000;27;D.G.E.
87;Vertiz;1000000;27;D.G.E.
88;Victorica;1188150;;Gastos Covid
89;Villa Mirasol;1000000;27;D.G.E.
90;Winifreda;1500000;27;D.G.E.
3;Adolfo Van Praet;;;
4;Agustoni;1000000;;Obra Asfalto
4;Agustoni;1000000;27;D.G.E.
22;Chacharramendi;1500000;27;D.G.E. 
93;Colonia Santa María;;;
29;Cuchillo Có;1000000;27;D.G.E 
35;Falucho;500000;27;D.G.E.
50;La Reforma;1000000;27;D.G.E.
51;Limay Mahuida;500000;27;D.G.E. 
53;Loventué;1000000;27;D.G.E.
96;Maisonnave;;;
97;Perú;700000;27;D.G.E.
63;Pichi Huinca;500000;27;D.G.E. 
69;Quetrequén;1000000;27;D.G.E.
72;Relmo;600000;;Adquisición auto 
74;Rucanelo;700000;27;D.G.E.
77;Sarah;300000;27;D.G.E.
78;Speluzzi;700000;27;D.G.E.
83;Unanue;200000;27;D.G.E.
;;;;
;;;;
;;66429150;;
