codigo;partido;intendente;anio
11;PJ;LANZA, GUSTAVO;2011
12;PJ;CABAK, HORACIO;2011
14;PJ;ORTIZ, FEDERICO;2011
15;PJ;FERREIRA, JOSE;2011
16;Frepam;HOLGADO, ROBERTO;2011
21;Frepam;DELHAAYE, HECTOR OSCAR;2011
24;PJ;LARRAÑAGA, LUIS;2011
31;PJ;BARRIONUEVO, JUAN;2011
41;PJ;GARCIA, EDUARDO FRANCISCO;2011
43;PJ;ROGERS, LUIS ENRIQUE;2011
44;PJ;GOMEZ, ROBERTO OMAR;2011
53;PJ;RODRIGUEZ, JOSE LUIS;2011
61;PJ;TRIBOLO, NESTOR HUGO;2011
62;PJ;FRENCIA, DANIEL;2011
63;Junta vecinal;BONO, FERNANDO;2011
64;PJ;RODRIGUEZ, NORBERTO ANGEL;2011
65;Frepam;PEPA, EDUARDO ANTONIO;2011
66;PJ;CANONERO, OMAR ROBERTO;2011
71;PJ;GATICA AVECILLA, OSCAR LEONARDO;2011
72;PJ;PEREYRA, LEONARDO;2011
81;PJ;RE, ANGEL;2011
82;PJ;GONZALEZ, JULIO CESAR;2011
83;Frepam;FOLMER, CELESTINO OSVALDO;2011
84;PJ;ALISON, RUBEN ISIDRO;2011
85;PJ;LAZARO, PABLO;2011
87;Frepam;BERG, MARTA GRACIELA;2011
91;PJ;GRAZIDE, CARLOS;2011
92;PJ;JEREZ, JULIO;2011
101;Frepam;ANCIN, NIDIA;2011
102;Frepam;ROHT, MARIO ANIBAL;2011
103;Frepam;LEHR, RENE;2011
104;PJ;KRONEMBERGER, ROBERTO;2011
105;Frepam;WEYMANN, RAUL ALMICAR;2011
111;PJ;RIERA, JORGE;2011
112;PJ;ALVAREZ, RUBEN GABRIEL;2011
113;PJ;ZURBRIGK, RAUL;2011
115;Frepam;BEIMAN, OSCAR;2011
121;Frepam;ORGALES, LUIS MARIA;2011
123;PJ;MARTINEZ, OSCAR HUGO;2011
124;PJ;VALOR, MONICA;2011
125;PJ;ECHEVESTE, PABLO;2011
126;ALIANZA;KENNY, HUGO;2011
131;PJ;CINCUNEQUI, ROBERTO;2011
142;PJ;COLADO, HUGO;2011
143;PJ;GUTIERREZ, ANGEL;2011
151;PJ;MUÑOZ, LUIS ALBERTO;2011
152;PJ;HOLLMANN, NATALIA;2011
153;PJ;RANIONI, Raúl;2011
154;PJ;FREDES, LUIS ALBERTO;2011
161;PJ;BRAVO, DAVID EDGARDO;2011
162;CO;LLANOS, CARLOS;2011
171;Frepam;STARDLER, MONICA SUSANA;2011
172;PJ;ELENO, ROSA;2011
173;PJ;CALVO, RODOLFO J.;2011
174;UCR;GONZALEZ, NESTOR;2011
176;Frepam;SONCINI, EMILIO ALBERTO;2011
181;PJ;BARAS, OSCAR ALEJANDRO;2011
183;PJ;CEIN, GUSTAVO FABIAN;2011
184;Frepam;MARCANTONIO, DIEGO ARIEL;2011
185;PJ;FERNANDEZ, ALDO ATILIO;2011
186;PJ;VOTA, CESAR;2011
187;PJ;CASTRO, HORACIO EDUARDO;2011
191;PJ;VICENTE, MARIO MARCELO;2011
192;Frepam;FLORES, OSCAR ISIDRO;2011
193;Frepam;BERTERO, LUIS ANGEL;2011
194;PJ;TELLERIA, OSCAR ALFREDO;2011
195;PJ;CANONERO, OSCAR ALBERTO;2011
196;PJ;BERTONE, GUILLERMO;2011
197;PJ;SOLA, FACUNDO JAVIER;2011
204;PJ;ROJAS, ARIEL;2011
211;PJ;SOSA, HENSO JORGE;2011
212;Frepam;SANCHEZ, CARLOS;2011
213;PJ;SILVA, JUAN;2011
221;PJ;WILBERGER, HORACIO;2011
222;PJ;EBERHARDT, SERAFIN;2011
223;PJ;MAUNA, ARIEL;2011
224;JTA VEC;ZAMORA, ROBERTO;2011
225;PJ;BELLOQUI, LUCIANO;2011
226;PJ;COSTOYA, MANUEL;2011
