id_dependencia;funcionarios;empleados;contratados;mes;anio;dependencia
112;5;32;0;10;2025;1
191;2;12;0;10;2025;1
151;2;15;0;10;2025;1
71;33;31;0;10;2025;1
101;13;59;0;10;2025;1
192;8;28;0;10;2025;1
21;14;72;0;10;2025;1
211;10;35;0;10;2025;1
221;5;40;0;10;2025;1
61;9;36;0;10;2025;1
111;11;43;0;10;2025;1
181;14;39;0;10;2025;1
121;17;14;0;10;2025;1
41;21;110;0;10;2025;1
63;6;12;0;10;2025;1
223;2;12;0;10;2025;1
171;12;56;0;10;2025;1
222;2;12;0;10;2025;1
81;6;22;0;10;2025;1
64;5;20;0;10;2025;1
131;2;17;0;10;2025;1
11;8;34;0;10;2025;1
152;9;21;0;10;2025;1
82;22;133;0;10;2025;1
194;10;32;0;10;2025;1
195;2;11;0;10;2025;1
224;41;305;0;10;2025;1
102;7;23;0;10;2025;1
153;231;681;0;10;2025;1
113;15;56;0;10;2025;1
91;21;26;0;10;2025;1
103;57;29;0;10;2025;1
196;20;97;0;10;2025;1
65;14;181;0;10;2025;1
115;10;45;0;10;2025;1
31;13;77;0;10;2025;1
72;5;44;0;10;2025;1
183;14;41;0;10;2025;1
142;3;19;0;10;2025;1
143;2;16;0;10;2025;1
43;15;47;0;10;2025;1
123;2;10;0;10;2025;1
124;8;22;0;10;2025;1
12;21;101;0;10;2025;1
193;2;10;0;10;2025;1
83;7;12;0;10;2025;1
212;7;18;0;10;2025;1
172;9;43;0;10;2025;1
14;27;52;0;10;2025;1
84;6;14;0;10;2025;1
184;16;54;0;10;2025;1
104;2;5;0;10;2025;1
185;2;13;0;10;2025;1
92;8;10;0;10;2025;1
162;9;36;0;10;2025;1
225;29;29;0;10;2025;1
173;20;61;0;10;2025;1
186;2;16;0;10;2025;1
187;13;43;0;10;2025;1
197;30;77;0;10;2025;1
174;2;11;0;10;2025;1
15;6;35;0;10;2025;1
85;2;12;0;10;2025;1
53;10;115;0;10;2025;1
24;160;1522;0;10;2025;1
105;5;40;0;10;2025;1
62;2;9;0;10;2025;1
154;2;19;0;10;2025;1
125;12;21;0;10;2025;1
204;69;173;0;10;2025;1
16;8;27;0;10;2025;1
213;17;95;0;10;2025;1
226;2;9;0;10;2025;1
44;9;29;0;10;2025;1
161;195;143;0;10;2025;1
66;7;38;0;10;2025;1
126;20;177;0;10;2025;1
176;6;21;0;10;2025;1
87;35;47;0;10;2025;1
