id_loc_padron;localidad;Zona
1;25 de Mayo;4
2;Abramo;5
3;Adolfo Van Praet;1
4;Agustoni;2
5;Algarrobo del Águila;4
7;Alpachiri;5
8;Alta Italia;2
9;Anguil;4
10;Arata;2
11;Ataliva Roca;5
12;Bernardo Larroude;1
13;Bernasconi;5
14;Caleufú;2
15;Carro Quemado;4
1019;Casa de Piedra;4
16;Catriló;3
17;Ceballos;2
18;Chacharramendi;4
21;Colonia Barón;3
24;Conhello;3
20;Coronel Hilario Lagos;1
27;Cuchillo Có;5
28;Doblas;5
29;Dorila;2
30;Eduardo Castex;3
32;Embajador Martini;1
35;Falucho;1
38;General Acha;4
39;General Campos;5
36;General Pico;2
41;General San Martín;5
37;Gobernador Duval;4
42;Guatraché;5
43;Ingeniero Luiggi;1
45;Intendente Alvear;1
46;Jacinto Arauz;5
47;La Adela;5
49;La Humada;4
50;La Maruja;2
51;La Reforma;4
52;Limay Mahuida;4
53;Lonquimay;3
54;Loventué;4
55;Luan Toro;4
56;Macachín;5
58;Mauricio Mayer;3
59;Metileo;3
60;Miguel Cane;3
61;Miguel Riglos;5
62;Monte Nievas;3
65;Parera;1
67;Pichi Huinca;2
68;Puelches;4
69;Puelén;4
70;Quehué;5
71;Quemú Quemú;3
72;Quetrequén;1
73;Rancul;1
74;Realicó;1
75;Relmo;3
76;Rolón;5
77;Rucanelo;3
79;Santa Isabel;4
80;Santa Rosa;4
82;Sarah;1
83;Speluzzi;2
84;Telén;4
85;Toay;4
86;Tomás Manuel de Anchorena;5
88;Trenel;2
89;Unanue;5
90;Uriburu;3
91;Vertiz;2
92;Victorica;4
93;Villa Mirasol;3
94;Winifreda;4
23;Col. Santa María;5
81;Col. Santa Teresa;5
57;Maisonnave;1
66;Perú;5
