Lista;gob;dip;Int;Concejales;Juez;Localidad
134;30;30;;;;1
138;;;2745;2734;2746;1
139;116;98;;;;1
144;21;19;;;;1
146;;19;;;;1
147;;27;;;;1
149;2584;2563;2843;2794;2755;1
150;1430;1285;1036;1036;1043;1
151;32;32;;;;1
136;2501;2636;123;189;210;1
135;56;61;59;53;52;1
134;0;0;;;;2
139;5;4;;;;2
144;1;1;;;;2
146;;0;;;;2
147;;1;;;;2
149;195;197;211;211;205;2
150;130;126;124;117;124;2
151;0;0;;;;2
136;15;16;11;18;17;2
135;3;4;3;3;3;2
134;1;1;;;;3
139;2;2;;;;3
144;1;1;;;;3
146;;0;;;;3
147;;0;;;;3
149;157;158;170;169;;3
150;106;103;99;99;;3
151;1;1;;;;3
136;5;7;5;6;;3
135;3;3;3;3;;3
134;1;1;;;;4
139;2;3;;;;4
144;1;0;;;;4
146;;0;;;;4
147;;0;;;;4
149;136;136;134;138;;4
150;150;150;156;148;;4
151;0;0;;;;4
136;4;3;5;2;;4
135;3;4;2;9;;4
134;1;1;;;;5
139;4;3;;;;5
144;1;1;;;;5
146;;1;;;;5
147;;0;;;;5
149;138;137;144;156;149;5
150;304;304;315;291;295;5
151;1;1;;;;5
136;17;18;7;19;22;5
135;1;1;1;1;1;5
134;6;6;;;;7
139;34;27;;;;7
144;4;4;;;;7
146;;5;;;;7
147;;0;;;;7
149;825;827;867;867;941;7
150;671;654;675;657;572;7
151;3;4;;;;7
136;53;69;54;72;83;7
135;0;0;0;0;0;7
134;2;3;;;;8
139;16;15;;;;8
144;1;1;;;;8
146;;12;;;;8
147;;3;;;;8
149;709;698;716;718;737;8
150;375;370;396;372;367;8
151;1;1;;;;8
136;51;52;45;67;53;8
135;10;10;10;10;10;8
134;1;1;;;;86
139;14;15;;;;86
144;0;0;;;;86
146;;3;;;;86
147;;0;;;;86
149;117;112;62;64;62;86
150;211;207;281;260;264;86
151;0;0;;;;86
136;10;16;11;30;28;86
135;2;1;1;1;1;86
134;8;9;;;;9
139;30;25;;;;9
144;8;7;;;;9
146;;7;;;;9
147;;2;;;;9
149;661;649;671;676;660;9
150;894;887;943;923;947;9
151;18;22;;;;9
136;32;41;48;63;56;9
135;21;23;11;11;10;9
134;0;0;;;;10
139;16;12;;;;10
144;0;0;;;;10
146;;3;;;;10
147;;0;;;;10
149;321;319;337;340;376;10
150;485;474;491;470;447;10
151;4;4;;;;10
136;34;48;38;56;43;10
135;0;0;0;0;0;10
134;3;3;;;;11
139;20;16;;;;11
144;4;4;;;;11
146;;3;;;;11
147;;9;;;;11
149;394;397;462;453;441;11
150;225;203;188;184;203;11
151;3;4;;;;11
136;27;37;29;42;35;11
135;6;6;3;3;3;11
134;2;2;;;;12
139;21;17;;;;12
144;4;5;;;;12
146;;5;;;;12
147;;2;;;;12
149;769;792;881;850;830;12
150;403;360;295;312;351;12
151;9;8;;;;12
136;50;67;82;96;77;12
135;0;0;0;0;0;12
134;4;4;;;;13
139;23;16;;;;13
144;1;1;;;;13
146;;6;;;;13
147;;4;;;;13
149;448;494;555;568;678;13
150;686;599;623;578;507;13
151;6;7;;;;13
136;84;121;77;110;71;13
135;20;20;18;17;17;13
134;8;10;;;;14
139;16;14;;;;14
144;5;5;;;;14
146;;4;;;;14
147;;3;;;;14
149;647;631;661;674;647;14
150;842;840;848;830;850;14
151;6;3;;;;14
136;36;48;63;68;74;14
135;34;36;22;22;23;14
134;0;0;;;;15
139;48;48;50;66;125;15
144;1;1;;;;15
146;;1;;;;15
147;;0;;;;15
149;83;80;71;69;;15
150;167;167;183;163;121;15
151;1;1;;;;15
136;5;7;3;8;60;15
135;0;0;0;1;1;15
134;15;18;;;;16
139;1086;1170;1452;1330;1361;16
144;4;4;;;;16
146;;19;;;;16
147;;4;;;;16
149;789;728;574;694;621;16
150;1370;1323;1305;1280;1299;16
151;12;11;;;;16
136;117;115;76;99;125;16
135;25;26;15;19;16;16
134;0;0;;;;17
139;0;1;;;;17
144;0;0;;;;17
146;;0;;;;17
147;;0;;;;17
149;180;179;189;184;198;17
150;117;114;112;111;102;17
151;1;1;;;;17
136;7;10;6;12;7;17
135;2;2;0;0;0;17
134;2;2;;;;18
139;14;14;;;;18
144;1;1;;;;18
146;;0;;;;18
147;;2;;;;18
149;63;61;;;;18
150;94;96;104;101;98;18
151;2;2;;;;18
136;4;6;80;83;86;18
135;4;0;0;0;0;18
134;2;3;;;;20
139;11;10;;;;20
143;;;175;186;149;20
144;1;2;;;;20
146;;1;;;;20
147;;3;;;;20
148;;;189;150;143;20
149;157;145;;;;20
150;176;172;144;151;194;20
151;0;0;;;;20
136;178;189;18;39;40;20
135;2;2;2;2;2;20
134;4;3;;;;21
139;70;48;;;;21
144;7;11;;;;21
146;;3;;;;21
147;;7;;;;21
149;1011;1039;1077;1129;1280;21
150;933;897;973;905;732;21
151;32;37;;;;21
136;86;94;107;122;144;21
135;17;21;9;10;10;21
134;0;0;;;;23
139;8;7;;;;23
144;0;0;;;;23
146;;2;;;;23
147;;0;;;;23
149;143;139;155;142;141;23
150;116;106;112;107;121;23
151;0;0;;;;23
136;9;21;10;26;13;23
135;5;6;4;6;6;23
134;1;1;;;;24
139;17;18;;;;24
144;2;2;;;;24
146;;7;;;;24
147;;1;;;;24
149;79;76;;;;24
150;288;285;300;299;296;24
151;3;3;;;;24
136;18;14;113;114;117;24
135;6;7;3;3;3;24
134;0;0;;;;27
139;45;42;57;53;78;27
144;1;1;;;;27
146;;0;;;;27
147;;18;;;;27
149;61;47;46;55;41;27
150;118;115;124;115;95;27
151;0;0;;;;27
136;5;10;5;10;19;27
135;3;0;1;0;0;27
134;0;0;;;;28
139;47;34;;69;;28
142;;;204;257;419;28
144;4;4;;;;28
146;;2;;;;28
147;;20;;;;28
149;582;540;560;453;322;28
150;442;437;449;377;415;28
151;5;5;;;;28
136;164;203;35;91;92;28
135;14;13;10;11;10;28
134;18;21;;;;30
139;283;230;;;;30
144;26;23;;;;30
146;;42;;;;30
147;;22;;;;30
149;3194;3329;4135;4024;4049;30
150;2767;2392;1959;1924;1899;30
151;38;40;;;;30
136;254;485;523;667;667;30
135;91;87;58;60;60;30
134;1;1;;;;32
139;15;13;;;;32
144;1;3;;;;32
146;;9;;;;32
147;;0;;;;32
149;530;523;584;566;569;32
150;457;438;429;439;428;32
151;0;0;;;;32
136;33;49;35;43;51;32
135;5;6;2;2;2;32
134;0;0;;;;34
139;1;1;;;;34
144;0;0;;;;34
146;;0;;;;34
147;;0;;;;34
149;2;2;;;;34
150;16;15;;;17;34
151;0;0;;;;34
136;0;1;;;3;34
135;1;1;;;0;34
134;0;0;;;;35
137;;;136;133;;35
139;4;4;;;;35
144;0;0;;;;35
146;;2;;;;35
147;;0;;;;35
149;50;52;;;;35
150;101;98;;;;35
151;2;2;;;;35
136;21;20;42;45;;35
135;7;7;7;7;;35
134;0;0;;;;37
139;2;1;;;;37
144;0;0;;;;37
146;;0;;;;37
147;;0;;;;37
149;105;106;113;112;;37
150;211;211;207;207;;37
151;0;0;;;;37
136;3;2;0;0;;37
135;1;2;2;3;;37
134;76;85;;;;38
139;429;328;;;;38
141;;;;1056;860;38
144;40;40;;;;38
146;;105;;;;38
147;;68;;;;38
149;3797;4107;5671;4765;4780;38
150;2834;2044;1239;1236;1363;38
151;68;74;;;;38
136;925;1310;1306;1090;1187;38
135;161;169;115;184;141;38
134;5;5;;;;39
139;31;29;;;;39
144;3;3;;;;39
146;;13;;;;39
147;;9;;;;39
149;514;490;564;517;545;39
150;186;182;;;;39
151;6;5;;;;39
136;54;62;243;290;263;39
135;10;11;2;2;1;39
134;525;477;;;;36
139;2347;2278;2260;2310;2300;36
144;905;957;1093;1033;1027;36
146;;1143;;;;36
147;;360;;;;36
149;13423;13266;13324;13280;13292;36
150;17300;16767;16862;16604;16561;36
151;715;713;752;754;752;36
136;2325;1520;3284;3584;3631;36
135;648;707;615;625;627;36
134;9;9;;;;41
139;42;35;;;;41
144;4;4;;;;41
146;;18;;;;41
147;;2;;;;41
149;1077;1090;1185;1149;1268;41
150;752;708;708;716;606;41
151;16;15;;;;41
136;62;81;87;114;104;41
135;33;33;17;18;19;41
134;24;22;;;;42
139;206;168;;;;42
144;17;16;;;;42
146;;41;;;;42
147;;9;;;;42
149;1520;1526;1706;1682;1721;42
150;701;663;594;601;587;42
151;33;36;;;;42
136;155;171;364;381;356;42
135;29;33;22;22;22;42
134;25;23;;;;43
139;72;61;;;;43
144;7;6;;;;43
146;;34;;;;43
147;;16;;;;43
149;1546;1545;1536;1581;1570;43
150;1413;1389;1440;1396;1411;43
151;21;21;;;;43
136;90;98;212;209;212;43
135;69;50;57;59;52;43
134;21;21;;;;45
139;83;63;;;;45
144;4;4;;;;45
146;;55;;;;45
147;;10;;;;45
149;3039;3048;3183;3199;3267;45
150;2480;2429;2428;2399;2315;45
151;22;22;;;;45
136;169;164;220;238;254;45
135;51;53;42;37;37;45
134;9;16;;;;46
139;39;34;;;;46
144;4;4;;;;46
146;;18;;;;46
147;;8;;;;46
149;782;750;693;740;836;46
150;867;854;947;893;825;46
151;9;7;;;;46
136;80;95;153;159;131;46
135;17;21;15;16;16;46
134;10;9;;;;47
139;11;10;;;;47
144;5;5;;;;47
146;;6;;;;47
147;;8;;;;47
149;710;717;755;760;764;47
150;735;723;715;683;680;47
151;9;9;;;;47
136;48;39;59;84;85;47
135;15;17;14;16;14;47
134;2;2;;;;49
139;7;7;;;;49
144;1;1;;;;49
146;;1;;;;49
147;;0;;;;49
149;386;382;391;393;383;49
150;328;325;330;326;335;49
151;2;3;;;;49
136;14;19;19;21;22;49
135;5;5;5;5;5;49
134;2;2;;;;50
139;13;12;;;;50
144;2;2;;;;50
146;;0;;;;50
147;;2;;;;50
149;475;472;497;501;495;50
150;588;576;575;569;574;50
151;4;4;;;;50
136;9;22;24;26;27;50
135;7;8;6;6;6;50
134;0;0;;;;51
139;7;5;;;;51
144;0;1;;;;51
146;;0;;;;51
147;;0;;;;51
149;48;50;;;;51
150;103;101;92;95;;51
151;1;1;;;;51
136;4;5;71;68;;51
135;3;3;3;3;;51
134;0;0;;;;52
139;0;0;;;;52
144;0;0;;;;52
146;;0;;;;52
147;;0;;;;52
149;65;66;68;68;73;52
150;76;76;75;75;67;52
151;0;0;;;;52
136;2;1;0;0;3;52
135;0;0;0;0;0;52
134;8;10;;;;53
139;71;63;;;;53
144;1;1;;;;53
146;;12;;;;53
147;;4;;;;53
149;289;272;;241;234;53
150;854;845;1049;870;867;53
151;12;12;;;;53
136;69;84;259;196;206;53
135;16;17;15;16;16;53
134;0;0;;;;54
139;2;2;;;;54
144;0;0;;;;54
146;;0;;;;54
147;;0;;;;54
149;20;18;;;;54
150;100;95;101;100;;54
151;1;1;;;;54
136;3;3;20;27;;54
135;1;8;6;0;;54
134;5;3;;;;55
139;7;5;;;;55
144;2;2;;;;55
146;;3;;;;55
147;;0;;;;55
149;165;160;;154;;55
150;307;303;315;290;296;55
151;1;1;;;;55
136;13;23;190;61;209;55
135;5;5;0;0;0;55
134;13;23;;;;56
139;93;77;;;;56
144;8;6;;;;56
146;;20;;;;56
147;;6;;;;56
149;1913;1916;2066;2037;2059;56
150;1823;1799;1802;1810;1766;56
151;20;22;;;;56
136;97;85;123;144;165;56
135;42;55;28;28;29;56
134;0;0;;;;57
139;5;5;;;;57
144;0;0;;;;57
146;;1;;;;57
147;;0;;;;57
149;136;137;139;132;;57
150;141;136;150;150;;57
151;2;2;;;;57
136;10;13;5;12;;57
135;0;0;0;0;;57
134;0;0;;;;58
139;5;3;;;;58
144;0;0;;;;58
146;;0;;;;58
147;;0;;;;58
149;168;164;157;168;165;58
150;135;129;151;137;123;58
151;0;0;;;;58
136;4;15;6;9;26;58
135;3;4;2;2;2;58
134;2;2;;;;59
139;160;164;311;263;;59
144;2;2;;;;59
146;;1;;;;59
147;;0;;;;59
149;52;47;;45;210;59
150;288;273;205;199;191;59
151;1;0;;;;59
136;21;37;10;19;125;59
135;0;0;0;0;0;59
134;0;2;;;;60
139;7;7;;;;60
144;1;2;;;;60
146;;0;;;;60
147;;2;;;;60
149;282;273;306;308;295;60
150;291;287;279;262;257;60
151;1;1;;;;60
136;10;18;7;23;41;60
135;6;6;6;5;5;60
134;6;4;;;;61
139;41;29;;;;61
144;2;2;;;;61
146;;5;;;;61
147;;0;;;;61
149;750;712;723;723;770;61
150;1082;1135;1170;1160;1120;61
151;2;2;;;;61
136;49;44;54;62;55;61
135;26;25;12;14;14;61
134;1;1;;;;62
139;16;15;;;;62
144;2;2;;;;62
145;;;270;266;232;62
146;;1;;;;62
147;;0;;;;62
149;100;89;;;;62
150;202;189;140;148;169;62
151;1;1;;;;62
136;117;145;32;29;42;62
135;4;0;1;0;0;62
134;1;1;;;;65
139;20;16;;;;65
144;5;5;;;;65
146;;8;;;;65
147;;4;;;;65
149;905;907;926;955;989;65
150;784;776;801;759;731;65
151;7;7;;;;65
136;62;60;59;71;65;65
135;8;8;10;11;11;65
134;0;0;;;;66
139;0;0;;;;66
144;0;0;;;;66
146;;0;;;;66
147;;0;;;;66
149;10;9;;;;66
150;27;27;31;31;;66
151;0;0;;;;66
136;0;0;6;6;;66
135;0;1;0;0;;66
134;1;1;;;;67
139;11;8;;;;67
144;1;1;;;;67
146;;1;;;;67
147;;1;;;;67
149;45;44;;;;67
150;118;117;132;105;97;67
151;0;0;;;;67
136;5;8;52;79;87;67
135;5;5;2;2;2;67
134;0;0;;;;68
139;7;6;;;;68
144;0;0;;;;68
146;;0;;;;68
147;;0;;;;68
149;83;74;87;67;210;68
150;291;289;310;253;169;68
151;0;0;;;;68
136;30;42;18;95;36;68
135;4;4;0;0;0;68
134;0;0;;;;69
139;149;148;187;176;174;69
144;3;3;;;;69
146;;1;;;;69
147;;0;;;;69
149;134;143;155;166;223;69
150;166;154;170;136;100;69
151;0;0;;;;69
136;74;75;18;52;33;69
135;6;8;2;2;2;69
134;2;2;;;;70
139;12;14;;;;70
144;0;0;;;;70
146;;0;;;;70
147;;0;;;;70
149;157;156;217;147;214;70
150;249;224;213;255;204;70
151;0;0;;;;70
136;13;35;7;35;17;70
135;6;8;5;5;7;70
134;3;4;;;;71
139;54;45;;;;71
144;4;9;;;;71
146;;16;;;;71
147;;2;;;;71
149;1647;1654;1790;1777;1759;71
150;1043;1002;984;983;1002;71
151;13;12;;;;71
136;76;97;80;94;93;71
135;15;14;12;12;12;71
134;0;0;;;;72
139;3;3;;;;72
140;;;192;192;;72
144;3;3;;;;72
146;;2;;;;72
147;;1;;;;72
149;126;120;;;;72
150;164;157;;;;72
151;5;6;;;;72
136;43;53;151;152;;72
135;3;2;4;3;;72
134;9;9;;;;73
139;17;16;;;;73
144;4;4;;;;73
146;;15;;;;73
147;;5;;;;73
149;1567;1581;1676;1654;1653;73
150;1012;988;933;935;939;73
151;12;13;;;;73
136;80;69;94;114;110;73
135;18;19;20;20;21;73
134;27;23;;;;74
139;78;64;;;;74
144;8;6;;;;74
146;;36;;;;74
147;;17;;;;74
149;2294;2272;2356;2289;2249;74
150;2764;2742;2807;2812;2869;74
151;38;38;;;;74
136;122;124;182;245;228;74
135;67;76;60;59;59;74
134;0;0;;;;75
139;21;21;33;33;;75
144;0;0;;;;75
146;;0;;;;75
147;;0;;;;75
149;76;75;91;88;;75
150;38;36;21;21;;75
151;0;1;;;;75
136;11;13;1;4;;75
135;1;1;1;1;;75
134;3;3;;;;76
139;13;12;;;;76
144;1;1;;;;76
146;;3;;;;76
147;;0;;;;76
149;201;205;;221;200;76
150;359;350;357;342;362;76
151;2;2;;;;76
136;24;27;246;40;41;76
135;9;9;9;9;9;76
134;0;0;;;;77
139;11;11;;;;77
144;1;1;;;;77
146;;4;;;;77
147;;2;;;;77
149;36;36;;;;77
150;122;122;121;115;;77
151;2;2;;;;77
136;12;8;66;72;;77
135;4;2;2;2;;77
134;5;7;;;;79
139;74;53;;;;79
144;14;19;;;;79
146;;7;;;;79
147;;5;;;;79
149;781;784;892;882;905;79
150;1053;1042;1072;1047;980;79
151;15;17;;;;79
136;57;71;68;103;128;79
135;22;16;11;11;10;79
134;1049;1138;1101;1154;1160;80
139;6646;6139;6000;5919;5987;80
144;678;689;674;691;710;80
146;;1462;;1544;;80
147;;736;;;;80
149;22319;22440;24766;23645;23587;80
150;29410;28192;26684;26864;26940;80
151;1329;1401;1403;1425;1433;80
136;3222;2333;4100;3431;4887;80
135;872;995;801;856;825;80
134;0;0;;;;81
139;24;12;;;;81
144;0;0;;;;81
146;;1;;;;81
147;;1;;;;81
149;265;271;285;259;290;81
150;87;82;;115;;81
151;5;5;;;;81
136;18;27;114;25;109;81
135;0;0;0;0;0;81
134;0;0;;;;82
139;2;2;;;;82
144;0;0;;;;82
146;;0;;;;82
147;;0;;;;82
149;34;34;31;31;;82
150;108;108;112;112;;82
151;1;1;;;;82
136;3;3;5;5;;82
135;0;0;0;0;;82
134;2;2;;;;83
139;14;14;12;13;;83
144;3;3;;;;83
146;;11;;;;83
147;;0;;;;83
149;240;236;242;242;;83
150;236;232;243;240;;83
151;4;4;;;;83
136;15;12;19;21;;83
135;2;2;0;0;;83
134;2;2;;;;84
139;17;15;;;;84
144;3;2;;;;84
146;;3;;;;84
147;;4;;;;84
149;347;327;306;355;320;84
150;619;608;657;598;631;84
151;8;10;;;;84
136;42;63;76;88;90;84
135;11;15;10;8;8;84
134;141;151;;;;85
139;730;628;579;582;581;85
144;100;111;;;;85
146;;228;;240;;85
147;;101;;;;85
149;3921;3837;3893;3830;3879;85
150;4844;4731;5032;4820;4847;85
151;190;196;;;;85
136;503;430;946;967;1142;85
135;100;116;81;92;82;85
134;7;7;;;;88
139;70;56;;;;88
144;5;4;;;;88
146;;17;;;;88
147;;7;;;;88
149;1012;1010;1050;1069;1024;88
150;1465;1449;1471;1417;1485;88
151;16;19;;;;88
136;63;69;120;155;128;88
135;24;24;24;24;28;88
134;0;0;;;;89
139;13;12;;;;89
144;0;0;;;;89
146;;0;;;;89
147;;1;;;;89
149;27;27;54;53;;89
150;38;37;;;;89
151;2;2;;;;89
136;4;5;30;31;;89
135;0;0;0;0;;89
134;5;6;;;;90
139;48;43;;;;90
144;8;8;;;;90
146;;10;;;;90
147;;4;;;;90
149;198;193;;;;90
150;584;577;608;602;613;90
151;9;9;;;;90
136;24;25;275;281;270;90
135;8;9;1;1;1;90
134;1;1;;;;91
139;1;1;;;;91
144;1;1;;;;91
146;;2;;;;91
147;;2;;;;91
149;178;177;180;202;229;91
150;315;313;318;296;271;91
151;5;5;;;;91
136;26;24;28;29;25;91
135;4;5;5;4;6;91
134;27;28;;;;92
139;116;93;;45;;92
144;20;21;;;;92
146;;29;;;;92
147;;24;;;;92
149;1554;1534;;;;92
150;1840;1731;1617;1614;1638;92
151;30;25;;;;92
152;;;2713;2627;2648;92
136;919;1027;191;210;233;92
135;45;39;35;60;37;92
134;1;1;;;;93
139;17;11;;;;93
144;8;35;;;;93
146;;1;;;;93
147;;1;;;;93
149;187;179;213;202;197;93
150;256;229;260;260;267;93
151;11;11;;;;93
136;10;17;21;31;30;93
135;5;10;1;2;1;93
134;9;8;;;;94
139;67;56;;;;94
144;3;3;;;;94
146;;11;;;;94
147;;2;;;;94
149;889;864;870;881;915;94
150;1084;1083;1155;1124;1072;94
151;8;5;;;;94
136;48;79;90;109;128;94
135;19;16;15;16;15;94
