CodigoLocalidad;L1DP;L1G;L2DP;L2G;L3DP;L3G;L4DP;L4G;L5DP;L5G;L6DP;L6G;L7DP;L7G;L8DP;L8G;L9G;L9DP;L10G;L10DP;L11DP;L11G;L12DP;L12G;L13DP;L13G;L14DP;L14G;L15DP;L15G;L16DP;L16G;L17DP;L17G;L18DP;L18G;L19DP;L19G;L20DP;L20G;L21DP;L21G;L22DP;L22G;L23DP;L23G;L24DP;L24G;L25DP;L25G;L26DP;L26G;L27DP;L27G;L28DP;L28G;L29DP;L29G
1;20;20;0;0;0;27;0;13;0;2;0;11;0;10;0;0;0;0;0;0;0;0;0;29;0;0;0;0;0;0;377;371;473;462;0;166;0;792;0;150;773;0;0;2569;52;52;19;20;0;0;0;0;0;0;0;0;0;0
2;0;0;0;0;0;0;0;0;0;0;0;0;0;1;0;0;0;0;0;0;0;0;0;0;0;0;0;0;0;0;60;36;50;74;0;8;0;37;0;6;52;0;0;83;1;1;0;0;0;0;0;0;0;0;0;0;0;0
3;1;1;0;0;0;1;0;1;0;0;0;1;0;1;0;0;0;0;0;0;0;0;0;0;0;0;0;0;0;0;29;30;33;32;0;13;0;41;0;4;45;0;0;84;1;1;1;1;0;0;0;0;0;0;0;0;0;0
4;2;1;0;0;0;2;0;0;0;0;0;3;0;0;0;0;0;0;0;0;0;0;0;0;0;0;0;0;0;0;38;34;36;36;0;9;0;56;0;10;74;0;0;101;2;3;1;1;0;0;0;0;0;0;0;0;0;0
5;3;3;0;0;0;3;0;4;0;1;0;0;0;1;0;0;0;0;0;0;0;0;0;3;0;0;0;0;0;0;31;31;27;26;0;5;0;128;0;19;148;0;0;109;2;2;1;1;0;0;0;0;0;0;0;0;0;0
7;5;5;0;0;0;6;0;4;0;2;0;7;0;4;0;0;0;0;0;0;0;0;0;6;0;0;0;0;0;0;252;245;306;309;0;29;0;284;0;48;350;0;0;345;10;9;1;1;0;0;0;0;0;0;0;0;0;0
8;10;10;0;0;0;2;0;2;0;2;0;0;0;2;0;0;0;0;0;0;0;0;0;6;0;0;0;0;0;0;200;198;238;238;0;35;0;172;0;19;198;0;0;256;6;7;9;9;0;7;0;0;0;0;0;0;0;0
9;6;5;0;0;0;10;0;1;0;1;0;1;0;7;0;0;0;0;0;0;0;0;0;1;0;0;0;0;0;0;212;193;136;135;0;20;0;424;0;110;546;0;0;357;12;15;11;9;0;15;0;0;0;0;0;0;0;0
10;2;2;0;0;0;2;0;1;0;0;0;3;0;0;0;0;0;0;0;0;0;0;0;0;0;0;0;0;0;0;64;64;63;63;0;22;0;178;0;56;232;0;0;160;7;7;2;2;0;0;0;0;0;0;0;0;0;0
11;4;4;0;0;0;1;0;2;0;0;0;4;0;4;0;0;0;0;0;0;0;0;0;1;0;0;0;0;0;0;85;91;93;94;0;14;0;150;0;21;193;0;0;172;6;5;6;6;0;1;0;0;0;0;0;0;0;0
12;9;9;0;0;0;4;0;2;0;0;0;2;0;2;0;0;0;0;0;0;0;0;0;6;0;0;0;0;0;0;119;103;199;213;0;34;0;164;0;10;173;0;0;224;2;4;4;5;0;0;0;0;0;0;0;0;0;0
13;7;9;0;0;0;7;0;3;0;1;0;6;0;6;0;0;0;0;0;0;0;0;0;3;0;0;0;0;0;0;110;102;150;159;0;57;0;265;0;123;404;0;0;295;12;13;7;7;0;0;0;0;0;0;0;0;0;0
14;3;3;0;0;0;0;0;2;0;1;0;10;0;1;0;0;0;0;0;0;0;0;0;4;0;0;0;0;0;0;192;184;183;188;0;45;0;312;0;48;378;0;0;343;6;6;7;7;0;2;0;0;0;0;0;0;0;0
15;1;1;0;0;0;0;0;0;0;0;0;0;0;1;0;0;0;0;0;0;0;0;0;0;0;0;0;0;0;0;23;21;37;39;0;1;0;79;0;14;107;0;0;60;1;1;0;0;0;8;0;0;0;0;0;0;0;0
16;7;10;0;0;0;5;0;5;0;2;0;5;0;10;0;0;0;0;0;0;0;0;0;5;0;0;0;0;0;0;282;268;501;515;0;82;0;659;0;100;751;0;0;1153;16;16;6;14;0;1;0;0;0;0;0;0;0;0
17;0;0;0;0;0;0;0;1;0;0;0;0;0;0;0;0;0;0;0;0;0;0;0;0;0;0;0;0;0;0;29;28;65;62;0;10;0;42;0;10;54;0;0;86;3;3;0;0;0;0;0;0;0;0;0;0;0;0
18;0;0;0;0;0;0;0;1;0;0;0;0;0;0;0;0;0;0;0;0;0;0;0;0;0;0;0;0;0;0;12;8;25;25;0;2;0;47;0;6;0;0;0;91;1;1;0;0;0;0;0;0;0;0;0;0;0;0
19;0;0;0;0;0;0;0;0;0;0;0;0;0;0;0;0;0;0;0;0;0;0;0;0;0;0;0;0;0;0;1;1;0;0;0;0;0;0;0;0;0;0;0;0;0;0;0;0;0;0;0;0;0;0;0;0;0;0
20;1;1;0;0;0;0;0;0;0;0;0;0;0;4;0;0;0;0;0;0;0;0;0;2;0;0;0;0;0;0;37;34;110;111;0;19;0;56;0;10;69;0;0;143;0;0;1;1;0;0;0;0;0;0;0;0;0;0
21;8;8;0;0;0;7;0;3;0;2;0;6;0;12;0;0;0;0;0;0;0;0;0;6;0;0;0;0;0;0;449;439;304;303;0;83;0;312;0;63;339;0;0;453;27;24;17;17;0;0;0;0;0;0;0;0;0;0
22;0;0;0;0;0;0;0;0;0;0;0;0;0;0;0;0;0;0;0;0;0;0;0;0;0;0;0;0;0;0;6;7;9;9;0;0;0;5;0;1;7;0;0;11;0;0;0;0;0;0;0;0;0;0;0;0;0;0
23;2;2;0;0;0;0;0;1;0;0;0;0;0;4;0;0;0;0;0;0;0;0;0;1;0;0;0;0;0;0;68;61;39;41;0;11;0;37;0;7;45;0;0;81;2;2;2;2;0;0;0;0;0;0;0;0;0;0
24;0;0;0;0;0;2;0;1;0;0;0;0;0;2;0;0;0;0;0;0;0;0;0;4;0;0;0;0;0;0;30;28;37;37;0;3;0;158;0;8;169;0;0;141;3;3;1;1;0;0;0;0;0;0;0;0;0;0
27;2;2;0;0;0;1;0;1;0;0;0;0;0;0;0;0;0;0;0;0;0;0;0;0;0;0;0;0;0;0;17;14;27;31;0;2;0;41;0;13;65;0;0;49;0;0;0;0;0;0;0;0;0;0;0;0;0;0
28;4;4;0;0;0;5;0;1;0;4;0;3;0;2;0;0;0;0;0;0;0;0;0;3;0;0;0;0;0;0;123;99;277;291;0;33;0;181;0;81;268;0;0;342;5;4;3;2;0;0;0;0;0;0;0;0;0;0
29;1;1;0;0;0;4;0;2;0;0;0;3;0;4;0;0;0;0;0;0;0;0;0;3;0;0;0;0;0;0;36;34;87;91;0;20;0;104;0;36;146;0;0;150;5;5;3;2;0;0;0;0;0;0;0;0;0;0
30;17;16;0;0;0;20;0;14;0;4;0;12;0;28;0;0;0;0;0;0;0;0;0;14;0;0;0;0;0;0;644;701;865;861;0;130;0;1108;0;207;1193;0;0;1692;42;40;19;17;0;41;0;0;0;0;0;0;0;0
32;3;2;0;0;0;2;0;3;0;0;0;2;0;2;0;0;0;0;0;0;0;0;0;2;0;0;0;0;0;0;156;152;148;141;0;28;0;136;0;63;173;0;0;352;6;5;2;1;0;0;0;0;0;0;0;0;0;0
34;0;0;0;0;0;0;0;0;0;0;0;0;0;0;0;0;0;0;0;0;0;0;0;0;0;0;0;0;0;0;0;1;1;2;0;4;0;4;0;0;0;0;0;8;0;0;0;0;0;0;0;0;0;0;0;0;0;0
35;0;0;0;0;0;0;0;0;0;0;0;0;0;0;0;0;0;0;0;0;0;0;0;0;0;0;0;0;0;0;0;0;0;0;0;0;0;0;0;0;0;0;0;0;0;0;0;0;0;0;0;0;0;0;0;0;0;0
36;260;253;0;3;0;252;0;79;0;24;0;101;0;140;0;0;0;0;0;0;0;0;0;112;0;1;0;0;0;0;4544;4520;6173;6237;0;1595;0;6689;0;2213;7888;0;0;13842;495;499;198;207;0;209;0;1;0;0;0;0;0;0
37;1;1;0;0;0;0;0;1;0;2;0;1;0;0;0;0;0;0;0;0;0;0;0;2;0;0;0;0;0;0;13;14;15;15;0;3;0;107;0;15;125;0;0;57;0;0;0;0;0;0;0;0;0;0;0;0;0;0
38;37;35;0;5;0;23;0;19;0;3;0;22;0;23;0;0;0;0;0;0;0;0;0;16;0;0;0;0;0;0;1145;1001;1200;1297;0;189;0;1191;0;192;1212;0;0;2444;45;181;31;30;0;64;0;0;0;0;0;0;0;0
39;2;2;0;0;0;5;0;0;0;0;0;1;0;1;0;0;0;0;0;0;0;0;0;3;0;0;0;0;0;0;108;100;132;144;0;10;0;70;0;34;27;0;0;226;3;6;0;4;0;0;0;0;0;0;0;0;0;0
41;7;8;0;0;0;21;0;8;0;0;0;13;0;7;0;0;0;0;0;0;0;0;0;5;0;0;0;0;0;0;226;228;458;453;0;106;0;230;0;66;329;0;0;470;20;20;15;15;0;0;0;0;0;0;0;0;0;0
42;7;7;0;0;0;7;0;3;0;0;0;4;0;6;0;0;0;0;0;0;0;0;0;2;0;0;0;0;0;0;226;224;457;448;0;33;0;206;0;55;244;0;0;650;20;20;7;5;0;25;0;0;0;0;0;0;0;0
43;4;4;0;0;0;9;0;4;0;1;0;8;0;11;0;0;0;0;0;0;0;0;0;5;0;0;0;0;0;0;484;463;555;561;0;73;0;626;0;130;642;0;0;1042;9;11;11;13;0;0;0;0;0;0;0;0;0;0
45;20;22;0;0;0;19;0;9;0;4;0;17;0;26;0;0;0;0;0;0;0;0;0;15;0;0;0;0;0;0;583;563;1056;1056;0;191;0;912;0;249;1067;0;0;1910;55;57;15;13;0;0;0;0;0;0;0;0;0;0
46;11;10;0;0;0;13;0;2;0;0;0;12;0;10;0;0;0;0;0;0;0;0;0;6;0;0;0;0;0;0;187;179;333;342;0;101;0;364;0;166;617;0;0;458;12;13;11;10;0;0;0;0;0;0;0;0;0;0
47;11;12;0;0;0;16;0;6;0;2;0;3;0;3;0;0;0;0;0;0;0;0;0;6;0;53;0;0;0;0;117;144;164;188;0;47;0;351;0;82;387;0;0;323;25;24;8;6;0;0;0;0;0;0;0;0;0;0
48;0;0;0;0;0;0;0;0;0;0;0;0;0;0;0;0;0;0;0;0;0;0;0;0;0;0;0;0;0;0;2;2;11;11;0;0;0;27;0;10;37;0;0;8;0;0;0;0;0;0;0;0;0;0;0;0;0;0
49;2;3;0;0;0;5;0;1;0;2;0;1;0;3;0;0;0;0;0;0;0;0;0;2;0;0;0;0;0;0;87;89;38;39;0;2;0;145;0;60;215;0;0;161;2;3;3;3;0;0;0;0;0;0;0;0;0;0
50;4;4;0;0;0;2;0;1;0;3;0;1;0;1;0;0;0;0;0;0;0;0;0;0;0;0;0;0;0;0;86;81;99;106;0;7;0;373;0;36;417;0;0;160;9;9;1;1;0;0;0;0;0;0;0;0;0;0
51;0;0;0;0;0;0;0;0;0;0;0;0;0;0;0;0;0;0;0;0;0;0;0;0;0;0;0;0;0;0;0;0;0;0;0;2;0;46;0;5;63;0;0;67;0;0;0;0;0;0;0;0;0;0;0;0;0;0
52;0;0;0;0;0;0;0;0;0;0;0;0;0;0;0;0;0;0;0;0;0;0;0;0;0;0;0;0;0;0;2;1;10;11;0;1;0;37;0;9;53;0;0;30;0;0;0;0;0;0;0;0;0;0;0;0;0;0
53;1;1;0;0;0;9;0;6;0;0;0;2;0;4;0;0;0;0;0;0;0;0;0;3;0;0;0;0;0;0;112;102;167;170;0;28;0;375;0;54;459;0;0;493;7;8;0;0;0;0;0;0;0;0;0;0;0;0
54;1;1;0;0;0;0;0;0;0;0;0;0;0;0;0;0;0;0;0;0;0;0;0;1;0;0;0;0;0;0;9;8;16;15;0;1;0;61;0;0;61;0;0;29;2;2;1;1;0;0;0;0;0;0;0;0;0;0
55;0;0;0;0;0;2;0;2;0;0;0;1;0;1;0;0;0;0;0;0;0;0;0;3;0;0;0;0;0;0;57;58;40;41;0;8;0;237;0;30;272;0;0;100;1;1;0;0;0;0;0;0;0;0;0;0;0;0
56;11;11;0;0;0;13;0;4;0;2;0;16;0;12;0;0;0;0;0;0;0;0;0;15;0;1;0;0;0;0;550;544;650;638;0;98;0;706;0;122;861;0;0;1099;20;21;12;12;0;0;0;0;0;0;0;0;0;0
57;0;0;0;0;0;3;0;0;0;0;0;0;0;0;0;0;0;0;0;0;0;0;0;3;0;1;0;0;0;1;20;21;41;40;0;1;0;49;0;5;63;0;0;96;2;3;1;1;0;0;0;0;0;0;0;0;0;0
58;0;0;0;0;0;0;0;1;0;0;0;0;0;1;0;0;0;0;0;0;0;0;0;0;0;0;0;0;0;0;29;21;25;29;0;4;0;20;0;1;24;0;0;49;2;2;0;0;0;0;0;0;0;0;0;0;0;0
59;2;2;0;0;0;2;0;4;0;0;0;3;0;0;0;0;0;0;0;0;0;0;0;1;0;0;0;0;0;0;51;50;63;60;0;21;0;122;0;14;148;0;0;150;5;5;1;1;0;0;0;0;0;0;0;0;0;0
60;4;3;0;0;0;1;0;1;0;0;0;3;0;2;0;0;0;0;0;0;0;0;0;0;0;0;0;0;0;0;57;89;31;91;0;12;0;136;0;25;166;0;0;138;3;3;2;0;0;0;0;0;0;0;0;0;0;0
61;5;6;0;0;0;1;0;3;0;0;0;5;0;2;0;0;0;0;0;0;0;0;0;4;0;0;0;0;0;0;125;112;158;170;0;21;0;299;0;30;350;0;0;322;3;3;8;8;0;1;0;0;0;0;0;0;0;0
62;1;1;0;0;0;1;0;1;0;0;0;2;0;0;0;0;0;0;0;0;0;0;0;0;0;0;0;0;0;0;21;20;69;63;0;15;0;84;0;14;0;0;0;135;5;5;6;6;0;0;0;0;0;0;0;0;0;0
65;1;1;0;0;0;6;0;4;0;0;0;4;0;4;0;0;0;0;0;0;0;0;0;3;0;0;0;0;0;0;327;330;141;144;0;38;0;223;0;48;284;0;0;384;6;6;0;0;0;0;0;0;0;0;0;0;0;0
66;1;1;0;0;0;0;0;0;0;0;0;0;0;0;0;0;0;0;0;0;0;0;0;0;0;0;0;0;0;0;6;6;0;0;0;0;0;15;0;1;16;0;0;15;0;0;0;0;0;0;0;0;0;0;0;0;0;0
67;1;1;0;0;0;0;0;0;0;0;0;0;0;0;0;0;0;0;0;0;0;0;0;0;0;0;0;0;0;0;11;12;15;18;0;9;0;43;0;11;60;0;0;64;2;2;0;0;0;0;0;0;0;0;0;0;0;0
68;0;0;0;0;0;1;0;1;0;0;0;2;0;0;0;0;0;0;0;0;0;0;0;3;0;0;0;0;0;0;36;35;20;25;0;1;0;151;0;14;164;0;0;78;1;1;0;0;0;0;0;0;0;0;0;0;0;0
69;1;1;0;0;0;10;0;1;0;2;0;1;0;1;0;0;0;0;0;0;0;0;0;8;0;0;0;0;0;0;39;41;31;32;0;9;0;87;0;8;0;0;0;146;0;0;0;0;0;0;0;0;0;0;0;0;0;0
70;1;1;0;0;0;1;0;2;0;0;0;2;0;1;0;0;0;0;0;0;0;0;0;1;0;0;0;0;0;0;46;41;58;59;0;9;0;94;0;16;105;0;0;114;4;2;3;2;0;0;0;0;0;0;0;0;0;0
71;9;8;0;0;0;10;0;3;0;1;0;7;0;9;0;0;0;0;0;0;0;0;0;2;0;0;0;0;0;0;365;343;639;643;0;61;0;290;0;56;366;0;0;893;27;25;16;16;0;0;0;0;0;0;0;0;0;0
72;4;4;0;0;0;1;0;2;0;0;0;0;0;2;0;6;0;0;0;0;0;0;0;2;0;6;0;0;0;0;19;16;49;60;0;15;0;64;0;7;86;0;0;119;0;0;1;1;0;0;0;0;0;0;0;0;0;0
73;14;14;0;0;0;5;0;4;0;2;0;6;0;13;0;0;0;0;0;0;0;0;0;3;0;0;0;0;0;0;253;252;215;208;0;51;0;429;0;48;430;0;0;631;21;20;6;7;0;0;0;0;0;0;0;0;0;0
74;11;13;0;3;0;11;0;9;0;1;0;9;0;13;0;0;0;0;0;0;0;0;0;15;0;0;0;0;0;0;480;485;1044;1033;0;271;0;1037;0;181;1025;0;0;1798;27;29;16;15;0;0;0;0;0;0;0;0;0;0
75;3;3;0;0;0;1;0;0;0;0;0;0;0;0;0;0;0;0;0;0;0;0;0;1;0;0;0;0;0;0;18;18;15;16;0;4;0;14;0;3;0;0;0;41;0;0;1;1;0;0;0;0;0;0;0;0;0;0
76;0;1;0;0;0;1;0;0;0;0;0;1;0;3;0;0;0;0;0;0;0;0;0;2;0;0;0;0;0;0;38;41;96;100;0;3;0;221;0;14;240;0;0;159;1;1;7;7;0;0;0;0;0;0;0;0;0;0
77;1;1;0;0;0;0;0;0;0;0;0;1;0;2;0;0;0;0;0;0;0;0;0;1;0;0;0;0;0;0;10;11;15;15;0;3;0;73;0;2;77;0;0;51;0;0;0;0;0;0;0;0;0;0;0;0;0;0
79;8;8;0;0;0;8;0;4;0;0;0;3;0;3;0;0;0;0;0;0;0;0;0;4;0;0;0;0;0;0;154;157;154;150;0;24;0;574;0;96;694;0;0;517;18;17;6;6;0;0;0;0;0;0;0;0;0;0
80;461;429;0;0;0;294;0;133;0;22;0;197;0;206;0;4;0;0;2;0;0;0;0;130;0;0;0;0;0;0;8664;7702;8613;9079;0;2557;0;15968;0;4886;20676;0;0;17870;1117;1069;573;508;0;824;0;2;0;0;0;0;0;0
81;2;2;0;0;0;5;0;2;0;0;0;2;0;0;0;0;0;0;0;0;0;0;0;4;0;0;0;0;0;0;63;63;102;104;0;2;0;43;0;7;56;0;0;131;5;5;2;2;0;0;0;0;0;0;0;0;0;0
82;0;0;0;0;0;0;0;0;0;0;0;0;0;0;0;0;0;0;0;0;0;0;0;0;0;0;0;0;0;0;0;0;0;0;0;0;0;0;0;0;0;0;0;0;0;0;0;0;0;0;0;0;0;0;0;0;0;0
83;0;0;0;0;0;2;0;1;0;0;0;2;0;3;0;0;0;0;0;0;0;0;0;3;0;0;0;0;0;0;46;44;84;85;0;20;0;90;0;23;118;0;0;207;6;7;1;1;0;0;0;0;0;0;0;0;0;0
84;1;0;0;0;0;8;0;3;0;2;0;1;0;3;0;0;0;0;0;0;0;0;0;2;0;0;0;0;0;0;88;91;88;88;0;26;0;301;0;23;271;0;0;199;8;7;1;1;0;0;0;0;0;0;0;0;0;0
85;50;50;0;1;0;40;0;16;0;3;0;25;0;33;0;0;0;0;0;0;0;0;0;25;0;0;0;0;0;0;1361;1201;1299;1350;0;385;0;2420;0;677;3158;0;0;3272;169;153;50;50;0;113;0;3;0;0;0;0;0;0
86;2;2;0;0;0;2;0;0;0;0;0;1;0;1;0;0;0;0;0;0;0;0;0;0;0;0;0;0;0;0;36;37;82;81;0;4;0;49;0;15;63;0;0;103;0;0;1;1;0;0;0;0;0;0;0;0;0;0
87;0;0;0;0;0;0;0;0;0;0;0;0;0;0;0;0;0;0;0;0;0;0;0;0;0;0;0;0;0;0;6;8;8;7;0;0;0;8;0;2;10;0;0;18;0;0;1;1;0;0;0;0;0;0;0;0;0;0
88;11;11;0;0;0;7;0;5;0;1;0;12;0;10;0;0;0;0;0;0;0;0;0;6;0;2;0;0;0;0;225;211;247;239;0;68;0;401;0;105;516;0;0;421;9;9;2;0;0;0;0;0;0;0;0;0;0;0
89;0;0;0;0;0;0;0;0;0;0;0;0;0;0;0;0;0;0;0;0;0;0;0;0;0;0;0;0;0;0;0;0;0;0;0;0;0;0;0;0;0;0;0;0;0;0;0;0;0;0;0;0;0;0;0;0;0;0
90;2;2;0;0;0;6;0;3;0;0;0;7;0;4;0;0;0;0;0;0;0;0;0;6;0;0;0;0;0;0;93;88;64;65;0;13;0;311;0;77;400;0;0;190;10;8;3;3;0;0;0;0;0;0;0;0;0;0
91;2;2;0;0;0;1;0;0;0;0;0;2;0;1;0;0;0;0;0;0;0;0;0;1;0;0;0;0;0;0;52;45;76;81;0;9;0;139;0;15;155;0;0;156;3;3;2;1;0;0;0;0;0;0;0;0;0;0
92;24;22;0;0;0;18;0;8;0;1;0;6;0;9;0;0;0;0;0;0;0;0;0;12;0;0;0;0;0;0;506;491;514;509;0;118;0;834;0;165;937;0;0;1071;51;52;36;29;0;0;0;0;0;0;0;0;0;0
93;2;2;0;0;0;2;0;1;0;1;0;3;0;0;0;0;0;0;0;0;0;0;0;0;0;0;0;0;0;0;63;64;80;81;0;10;0;99;0;16;120;0;0;112;7;7;7;7;0;0;0;0;0;0;0;0;0;0
94;7;7;0;0;0;4;0;1;0;1;0;5;0;4;0;0;0;0;0;0;0;0;0;2;0;0;0;0;0;0;193;163;243;314;0;36;0;400;0;65;412;0;0;592;6;6;2;3;0;0;0;0;0;0;0;0;0;0
1019;0;0;0;0;0;0;0;0;0;0;0;0;0;0;0;0;0;0;0;0;0;0;0;0;0;0;0;0;0;0;2;2;1;1;0;0;0;18;0;3;23;0;0;15;0;0;0;0;0;0;0;0;0;0;0;0;0;0
