,"Cuenta Corriente Bancaria - Cuenta Corriente Comercial"
"MUNICIPALIDAD ING LUIGGI OC","370-  1 -    220,032/3"
"HIPOLITO YRIGOYEN   552","Pesos"
"6205-ING. LUIGGI                                                   ","09303209   10100022003232"
"LA PAMPA","30-99919740/6"
"SUCURSAL INGENIERO LUIGGI","EXENTO"
"01/04/26","334"
"Titulares: MUNICIPALIDAD DE INGENIERO LUIGGI","CUIT: 30-99919740/6"
"Cantidad de Titulares: 01"
"____________________________________________________________________________________________________"
"","SALDO ANTERIOR","","","","14,990109.77"
"02/03/26","IVA","","1.89","","14,990107.88"
"02/03/26","COM. TRANSF. PAMPA D","4576017","9.00","","14,990098.88"
"02/03/26","PAGO DE SUELDOS PAMP","4576017","6209029.85","","8,781069.03"
"02/03/26","TRANSF. ENVIADA PAMP","4581659","2565527.70","","6,215541.33"
"02/03/26","ACREDITACION NETA PA","44","","211335.78","6,426877.11"
"02/03/26","DEPOSITO EN EFECTIVO","64","","246493.00","6,673370.11"
"02/03/26","DEBIN CREDITO","9579","","10000.00","6,683370.11"
"02/03/26","DEBIN CREDITO","122229","","90490.00","6,773860.11"
"02/03/26","DEBIN CREDITO","128828","","48000.00","6,821860.11"
"02/03/26","DEBIN CREDITO","205569","","74913.46","6,896773.57"
"02/03/26","TRANSFERENCIA RECIBI","221073","","500000.00","7,396773.57"
"02/03/26","TRANSFERENCIA RECIBI","244876","","78000.00","7,474773.57"
"02/03/26","ACREDITACION VENTAS","247232","","577250.37","8,052023.94"
"02/03/26","ACREDITACION VENTAS","247246","","339539.64","8,391563.58"
"02/03/26","TRANSFERENCIA RECIBI","362802","","63867.81","8,455431.39"
"02/03/26","DEBIN CREDITO","396896","","4200.00","8,459631.39"
"02/03/26","TRANSFERENCIA RECIBI","815025","","322033.00","8,781664.39"
"02/03/26","TRANSFERENCIA RECIBI","81119341","","3000.00","8,784664.39"
"03/03/26","PAGO IMPUESTOS Y SER","799499","17642935.77","","-8,858271.38"
"03/03/26","TRANSF. PROPIA ENVIA","4597861","100000.00","","-8,958271.38"
"03/03/26","DEPOSITO EN EFECTIVO","41","","1890624.49","-7,067646.89"
"03/03/26","ACREDITACION NETA PA","45","","201741.60","-6,865905.29"
"03/03/26","COBRO DE PROVEEDORES","22159","","1500000.00","-5,365905.29"
"03/03/26","DEBIN CREDITO","56301","","92883.32","-5,273021.97"
"03/03/26","DEBIN CREDITO","95916","","60747.50","-5,212274.47"
"03/03/26","ACREDITACION VENTAS","247356","","971272.80","-4,241001.67"
"03/03/26","ACREDITACION VENTAS","247375","","77573.59","-4,163428.08"
"03/03/26","ACREDITACION VENTAS","247394","","71428.63","-4,091999.45"
"03/03/26","TRANSFERENCIA RECIBI","305164","","8989.27","-4,083010.18"
"03/03/26","TRANSFERENCIA RECIBI","308380","","27961.88","-4,055048.30"
"03/03/26","DEBIN CREDITO","317277","","74575.98","-3,980472.32"
"03/03/26","TRANSFERENCIA RECIBI","411314","","140716.00","-3,839756.32"
"03/03/26","TRANSFERENCIA RECIBI","411956","","513912.00","-3,325844.32"
"03/03/26","DEBIN CREDITO","717800","","76000.00","-3,249844.32"
"03/03/26","DEBIN CREDITO","971652","","43800.00","-3,206044.32"
"03/03/26","DATANET","1115195","","199230.00","-3,006814.32"
"03/03/26","TRANSF. RECIBIDA PAM","4596443","","18015191.62","15,008377.30"
"03/03/26","TRANSF. RECIBIDA PAM","4596873","","19750465.37","34,758842.67"
"03/03/26","TRANSF. RECIBIDA PAM","4597155","","4189933.96","38,948776.63"
"03/03/26","CHEQUE DEPOSITADO","64757702","","1973537.46","40,922314.09"
"03/03/26","CHEQUE DEPOSITADO","65057851","","8725336.06","49,647650.15"
"03/03/26","CHEQUE DEPOSITADO","65057852","","8725336.06","58,372986.21"
"03/03/26","CHEQUE DEPOSITADO","65124117","","1973537.46","60,346523.67"
"03/03/26","TRANSFERENCIA RECIBI","105754447","","1200.00","60,347723.67"
"03/03/26","TRANSFERENCIA RECIBI","57534562","","461.00","60,348184.67"
"04/03/26","IVA","","3.78","","60,348180.89"
"04/03/26","PAGO IMPUESTOS Y SER","229747","856280.97","","59,491899.92"
"04/03/26","COM. TRANSF. PAMPA D","4600769","18.00","","59,491881.92"
"04/03/26","PAGO DE SUELDOS PAMP","4600769","13398314.42","","46,093567.50"
"04/03/26","TRANSF. ENVIADA PAMP","4604837","4568013.90","","41,525553.60"
"04/03/26","ACREDITACION NETA PA","43","","259261.03","41,784814.63"
"04/03/26","DEPOSITO EN EFECTIVO","56","","2560278.07","44,345092.70"
"04/03/26","DEBIN CREDITO","228717","","8989.27","44,354081.97"
"04/03/26","ACREDITACION VENTAS","247508","","588226.52","44,942308.49"
"04/03/26","ACREDITACION VENTAS","247521","","235106.45","45,177414.94"
"04/03/26","TRANSFERENCIA RECIBI","396143","","200000.00","45,377414.94"
"Cuenta Corriente Bancaria - Cuenta Corriente Comercial"
"MUNICIPALIDAD ING LUIGGI OC","370-  1 -    220,032/3"
"HIPOLITO YRIGOYEN   552","Pesos"
"6205-ING. LUIGGI                                                   ","09303209   10100022003232"
"LA PAMPA","30-99919740/6"
"SUCURSAL INGENIERO LUIGGI","EXENTO"
"01/04/26","335"
"Titulares: MUNICIPALIDAD DE INGENIERO LUIGGI","CUIT: 30-99919740/6"
"Cantidad de Titulares: 01"
"____________________________________________________________________________________________________"
"","SALDO ANTERIOR","","","","45,377414.94"
"04/03/26","TRANSFERENCIA RECIBI","419795","","1200000.00","46,577414.94"
"04/03/26","TRANSFERENCIA RECIBI","428351","","103867.25","46,681282.19"
"04/03/26","TRANSFERENCIA RECIBI","438178","","268311.44","46,949593.63"
"04/03/26","DEBIN CREDITO","483512","","14186.00","46,963779.63"
"04/03/26","DEBIN CREDITO","541221","","24620.52","46,988400.15"
"04/03/26","TRANSFERENCIA RECIBI","726434","","55000.00","47,043400.15"
"04/03/26","TRANSFERENCIA RECIBI","769990","","1000000.00","48,043400.15"
"04/03/26","DEBIN CREDITO","866918","","94224.00","48,137624.15"
"04/03/26","DEBIN CREDITO","956214","","37000.00","48,174624.15"
"04/03/26","DATANET","1805282","","700000.00","48,874624.15"
"04/03/26","DATANET","3017844","","2000000.00","50,874624.15"
"04/03/26","DATANET","3485389","","1000000.00","51,874624.15"
"04/03/26","TRANSF. RECIBIDA PAM","4606375","","1000000.00","52,874624.15"
"05/03/26","PAGO IMPUESTOS Y SER","34355","1698364.72","","51,176259.43"
"05/03/26","TRANSF. ENVIADA PAMP","4622707","526500.00","","50,649759.43"
"05/03/26","DEPOSITO EN EFECTIVO","17","","3400424.19","54,050183.62"
"05/03/26","DEPOSITO EN EFECTIVO","29","","700000.00","54,750183.62"
"05/03/26","ACREDITACION NETA PA","48","","160039.44","54,910223.06"
"05/03/26","TRANSFERENCIA RECIBI","26933","","192178.86","55,102401.92"
"05/03/26","ACREDITACION VENTAS","247633","","1210679.62","56,313081.54"
"05/03/26","ACREDITACION VENTAS","247648","","121920.14","56,435001.68"
"05/03/26","ACREDITACION VENTAS","247690","","146128.66","56,581130.34"
"05/03/26","DEBIN CREDITO","385048","","4000.00","56,585130.34"
"05/03/26","DEBIN CREDITO","433162","","930000.00","57,515130.34"
"05/03/26","TRANSFERENCIA RECIBI","452302","","900000.00","58,415130.34"
"05/03/26","DATANET","1827963","","150000.00","58,565130.34"
"05/03/26","TRANSFERENCIA RECIBI","833100547","","231764.50","58,796894.84"
"05/03/26","TRANSFERENCIA RECIBI","984329453","","18000.00","58,814894.84"
"05/03/26","TRANSF. RECIBIDA PAM","4617033","","14318458.64","73,133353.48"
"05/03/26","TRANSF. RECIBIDA PAM","4618159","","5114.42","73,138467.90"
"05/03/26","DATANET","5266642","","500000.00","73,638467.90"
"05/03/26","TRANSFERENCIA RECIBI","306961197","","2500.00","73,640967.90"
"06/03/26","IVA","","7481.67","","73,633486.23"
"06/03/26","PAGO IMPUESTOS Y SER","987677","3355531.86","","70,277954.37"
"06/03/26","COM. TRANSF. PAMPA D","4625363","27.00","","70,277927.37"
"06/03/26","PAGO DE SUELDOS PAMP","4625363","8743233.73","","61,534693.64"
"06/03/26","TRANSF. ENVIADA PAMP","4629247","526750.00","","61,007943.64"
"06/03/26","TRANSF. ENVIADA PAMP","4631357","69500.00","","60,938443.64"
"06/03/26","TRANSF. ENVIADA PAMP","4631377","2199469.10","","58,738974.54"
"06/03/26","TRANSF. ENVIADA PAMP","4631583","966000.00","","57,772974.54"
"06/03/26","TRANSF. ENVIADA PAMP","4631841","6812466.00","","50,960508.54"
"06/03/26","TRANSF. ENVIADA PAMP","4632097","14385089.52","","36,575419.02"
"06/03/26","COM. TRANSF. PAMPA D","4632097","11500.00","","36,563919.02"
"06/03/26","TRANSF. ENVIADA PAMP","4636215","2407000.00","","34,156919.02"
"06/03/26","COM. TRANSF. PAMPA D","4636215","8400.00","","34,148519.02"
"06/03/26","TRANSF. ENVIADA PAMP","4637411","100000.00","","34,048519.02"
"06/03/26","TRANSF. ENVIADA PAMP","4637465","8000000.00","","26,048519.02"
"06/03/26","TRANSF. ENVIADA PAMP","4637705","7923315.73","","18,125203.29"
"06/03/26","COM. TRANSF. PAMPA D","4637705","7300.00","","18,117903.29"
"06/03/26","TRANSF. ENVIADA PAMP","4638283","4702840.65","","13,415062.64"
"06/03/26","TRANSF. ENVIADA PAMP","4638345","1276000.00","","12,139062.64"
"06/03/26","COM. TRANSF. PAMPA D","4638345","6300.00","","12,132762.64"
"06/03/26","TRANSF. ENVIADA PAMP","4639111","99729.00","","12,033033.64"
"06/03/26","COM. TRANSF. PAMPA D","4639111","2100.00","","12,030933.64"
"06/03/26","DEPOSITO EN EFECTIVO","36","","2422638.65","14,453572.29"
"06/03/26","ACREDITACION NETA PA","49","","137627.08","14,591199.37"
"Cuenta Corriente Bancaria - Cuenta Corriente Comercial"
"MUNICIPALIDAD ING LUIGGI OC","370-  1 -    220,032/3"
"HIPOLITO YRIGOYEN   552","Pesos"
"6205-ING. LUIGGI                                                   ","09303209   10100022003232"
"LA PAMPA","30-99919740/6"
"SUCURSAL INGENIERO LUIGGI","EXENTO"
"01/04/26","336"
"Titulares: MUNICIPALIDAD DE INGENIERO LUIGGI","CUIT: 30-99919740/6"
"Cantidad de Titulares: 01"
"____________________________________________________________________________________________________"
"","SALDO ANTERIOR","","","","14,591199.37"
"06/03/26","TRANSFERENCIA RECIBI","1486","","13752.92","14,604952.29"
"06/03/26","COBRO DE PROVEEDORES","24946","","1087482.00","15,692434.29"
"06/03/26","ACREDITACION VENTAS","247762","","453907.79","16,146342.08"
"06/03/26","ACREDITACION VENTAS","247778","","1140718.29","17,287060.37"
"06/03/26","TRANSFERENCIA RECIBI","870370546","","25000.00","17,312060.37"
"06/03/26","TRANSFERENCIA RECIBI","828168","","153243.36","17,465303.73"
"06/03/26","TRANSFERENCIA RECIBI","882064","","1000000.00","18,465303.73"
"06/03/26","TRANSFERENCIA RECIBI","283043381","","60670.00","18,525973.73"
"06/03/26","TRANSF. RECIBIDA PAM","4629963","","2000000.00","20,525973.73"
"06/03/26","TRANSFERENCIA RECIBI","407782245","","2000.00","20,527973.73"
"06/03/26","TRANSFERENCIA RECIBI","868792754","","4000.00","20,531973.73"
"06/03/26","TRANSFERENCIA RECIBI","499444934","","25000.00","20,556973.73"
"06/03/26","TRANSFERENCIA RECIBI","679482384","","2500.00","20,559473.73"
"09/03/26","IVA","","1428.63","","20,558045.10"
"09/03/26","PAGO IMPUESTOS Y SER","123917","2874549.71","","17,683495.39"
"09/03/26","PAGO IMPUESTOS Y SER","737514","8912052.58","","8,771442.81"
"09/03/26","PAGO IMPUESTOS Y SER","737517","1154336.58","","7,617106.23"
"09/03/26","COM. CHEQUE DEPOSITA","3014074","3400.00","","7,613706.23"
"09/03/26","COM. CHEQUE DEPOSITA","3014088","3400.00","","7,610306.23"
"09/03/26","COM. TRANSF. PAMPA D","4637717","3.00","","7,610303.23"
"09/03/26","PAGO DE SUELDOS PAMP","4637717","2027578.80","","5,582724.43"
"09/03/26","TRANSF. ENVIADA PAMP","4646107","797609.98","","4,785114.45"
"09/03/26","TRANSF. ENVIADA PAMP","4646855","835600.00","","3,949514.45"
"09/03/26","TRANSF. ENVIADA PAMP","4649677","590400.00","","3,359114.45"
"09/03/26","TRANSF. ENVIADA PAMP","4651677","500000.00","","2,859114.45"
"09/03/26","DEPOSITO EN EFECTIVO","44","","846045.91","3,705160.36"
"09/03/26","ACREDITACION NETA PA","50","","157282.10","3,862442.46"
"09/03/26","TRANSFERENCIA RECIBI","8411","","349286.19","4,211728.65"
"09/03/26","TRANSFERENCIA RECIBI","8514","","74599.35","4,286328.00"
"09/03/26","DEBIN CREDITO","84527","","9903.20","4,296231.20"
"09/03/26","DEBIN CREDITO","88891","","5941.92","4,302173.12"
"09/03/26","DEBIN CREDITO","94323","","11883.84","4,314056.96"
"09/03/26","DEBIN CREDITO","95346","","10893.52","4,324950.48"
"09/03/26","DEBIN CREDITO","95562","","2970.96","4,327921.44"
"09/03/26","DEBIN CREDITO","96086","","11883.84","4,339805.28"
"09/03/26","DEBIN CREDITO","108928","","13864.48","4,353669.76"
"09/03/26","DEBIN CREDITO","109928","","3961.28","4,357631.04"
"09/03/26","DEBIN CREDITO","110392","","7922.56","4,365553.60"
"09/03/26","DEBIN CREDITO","110747","","5941.92","4,371495.52"
"09/03/26","DEBIN CREDITO","110869","","5941.92","4,377437.44"
"09/03/26","DEBIN CREDITO","113791","","7922.56","4,385360.00"
"09/03/26","DEBIN CREDITO","115405","","11883.84","4,397243.84"
"09/03/26","DEBIN CREDITO","115554","","11883.84","4,409127.68"
"09/03/26","DEBIN CREDITO","116057","","11883.84","4,421011.52"
"09/03/26","DEBIN CREDITO","116440","","11883.84","4,432895.36"
"09/03/26","DEBIN CREDITO","124341","","5941.92","4,438837.28"
"09/03/26","DEBIN CREDITO","125347","","13864.48","4,452701.76"
"09/03/26","DEBIN CREDITO","125461","","11883.84","4,464585.60"
"09/03/26","DEBIN CREDITO","125550","","5941.92","4,470527.52"
"09/03/26","DEBIN CREDITO","133832","","2970.96","4,473498.48"
"09/03/26","DEBIN CREDITO","134870","","5941.92","4,479440.40"
"09/03/26","DEBIN CREDITO","138687","","5941.92","4,485382.32"
"09/03/26","DEBIN CREDITO","139517","","11883.84","4,497266.16"
"09/03/26","DEBIN CREDITO","141640","","5941.92","4,503208.08"
"09/03/26","DEBIN CREDITO","154915","","12874.16","4,516082.24"
"09/03/26","DEBIN CREDITO","158191","","14854.80","4,530937.04"
"Cuenta Corriente Bancaria - Cuenta Corriente Comercial"
"MUNICIPALIDAD ING LUIGGI OC","370-  1 -    220,032/3"
"HIPOLITO YRIGOYEN   552","Pesos"
"6205-ING. LUIGGI                                                   ","09303209   10100022003232"
"LA PAMPA","30-99919740/6"
"SUCURSAL INGENIERO LUIGGI","EXENTO"
"01/04/26","337"
"Titulares: MUNICIPALIDAD DE INGENIERO LUIGGI","CUIT: 30-99919740/6"
"Cantidad de Titulares: 01"
"____________________________________________________________________________________________________"
"","SALDO ANTERIOR","","","","4,530937.04"
"09/03/26","DEBIN CREDITO","164235","","2970.96","4,533908.00"
"09/03/26","DEBIN CREDITO","168791","","7922.56","4,541830.56"
"09/03/26","DEBIN CREDITO","175170","","5941.92","4,547772.48"
"09/03/26","DEBIN CREDITO","175868","","14854.80","4,562627.28"
"09/03/26","DEBIN CREDITO","176432","","11883.84","4,574511.12"
"09/03/26","DEBIN CREDITO","176596","","2970.96","4,577482.08"
"09/03/26","DEBIN CREDITO","177765","","38622.48","4,616104.56"
"09/03/26","DEBIN CREDITO","179429","","5941.92","4,622046.48"
"09/03/26","DEBIN CREDITO","179543","","13864.48","4,635910.96"
"09/03/26","DEBIN CREDITO","179634","","5941.92","4,641852.88"
"09/03/26","DEBIN CREDITO","182722","","5941.92","4,647794.80"
"09/03/26","DEBIN CREDITO","182946","","11883.84","4,659678.64"
"09/03/26","DEBIN CREDITO","184194","","5941.92","4,665620.56"
"09/03/26","DEBIN CREDITO","186075","","10893.52","4,676514.08"
"09/03/26","DEBIN CREDITO","190188","","2970.96","4,679485.04"
"09/03/26","DEBIN CREDITO","193131","","5941.92","4,685426.96"
"09/03/26","DEBIN CREDITO","194453","","6932.24","4,692359.20"
"09/03/26","DEBIN CREDITO","196342","","5941.92","4,698301.12"
"09/03/26","DEBIN CREDITO","198484","","5941.92","4,704243.04"
"09/03/26","DEBIN CREDITO","202338","","11883.84","4,716126.88"
"09/03/26","DEBIN CREDITO","203993","","5941.92","4,722068.80"
"09/03/26","DEBIN CREDITO","206131","","8912.88","4,730981.68"
"09/03/26","DEBIN CREDITO","206305","","5941.92","4,736923.60"
"09/03/26","DEBIN CREDITO","206619","","5941.92","4,742865.52"
"09/03/26","DEBIN CREDITO","206963","","5941.92","4,748807.44"
"09/03/26","DEBIN CREDITO","207541","","9903.20","4,758710.64"
"09/03/26","DEBIN CREDITO","209178","","8912.88","4,767623.52"
"09/03/26","DEBIN CREDITO","211956","","11883.84","4,779507.36"
"09/03/26","DEBIN CREDITO","215112","","11883.84","4,791391.20"
"09/03/26","DEBIN CREDITO","215637","","8912.88","4,800304.08"
"09/03/26","DEBIN CREDITO","219142","","7922.56","4,808226.64"
"09/03/26","DEBIN CREDITO","219678","","7922.56","4,816149.20"
"09/03/26","DEBIN CREDITO","225584","","3961.28","4,820110.48"
"09/03/26","DEBIN CREDITO","225747","","3961.28","4,824071.76"
"09/03/26","DEBIN CREDITO","226362","","5941.92","4,830013.68"
"09/03/26","DEBIN CREDITO","230575","","3961.28","4,833974.96"
"09/03/26","DEBIN CREDITO","233383","","5941.92","4,839916.88"
"09/03/26","DEBIN CREDITO","233750","","9903.20","4,849820.08"
"09/03/26","DEBIN CREDITO","235386","","7922.56","4,857742.64"
"09/03/26","DEBIN CREDITO","236759","","13864.48","4,871607.12"
"09/03/26","DEBIN CREDITO","237208","","2970.96","4,874578.08"
"09/03/26","DEBIN CREDITO","243446","","5941.92","4,880520.00"
"09/03/26","DEBIN CREDITO","244690","","2970.96","4,883490.96"
"09/03/26","DEBIN CREDITO","245821","","2970.96","4,886461.92"
"09/03/26","ACREDITACION VENTAS","247096","","31234.77","4,917696.69"
"09/03/26","DEBIN CREDITO","247814","","5941.92","4,923638.61"
"09/03/26","ACREDITACION VENTAS","247892","","2480418.79","7,404057.40"
"09/03/26","DEBIN CREDITO","249444","","9903.20","7,413960.60"
"09/03/26","DEBIN CREDITO","250780","","11883.84","7,425844.44"
"09/03/26","DEBIN CREDITO","254930","","11883.84","7,437728.28"
"09/03/26","DEBIN CREDITO","258922","","9408.04","7,447136.32"
"09/03/26","DEBIN CREDITO","260404","","3961.28","7,451097.60"
"09/03/26","DEBIN CREDITO","260647","","11883.84","7,462981.44"
"09/03/26","DEBIN CREDITO","260828","","5941.92","7,468923.36"
"09/03/26","DEBIN CREDITO","297327","","17825.76","7,486749.12"
"09/03/26","DEBIN CREDITO","309440","","8912.88","7,495662.00"
"Cuenta Corriente Bancaria - Cuenta Corriente Comercial"
"MUNICIPALIDAD ING LUIGGI OC","370-  1 -    220,032/3"
"HIPOLITO YRIGOYEN   552","Pesos"
"6205-ING. LUIGGI                                                   ","09303209   10100022003232"
"LA PAMPA","30-99919740/6"
"SUCURSAL INGENIERO LUIGGI","EXENTO"
"01/04/26","338"
"Titulares: MUNICIPALIDAD DE INGENIERO LUIGGI","CUIT: 30-99919740/6"
"Cantidad de Titulares: 01"
"____________________________________________________________________________________________________"
"","SALDO ANTERIOR","","","","7,495662.00"
"09/03/26","DEBIN CREDITO","313029","","2970.96","7,498632.96"
"09/03/26","DEBIN CREDITO","315080","","6932.24","7,505565.20"
"09/03/26","DEBIN CREDITO","325412","","11883.84","7,517449.04"
"09/03/26","DEBIN CREDITO","326609","","5941.92","7,523390.96"
"09/03/26","DEBIN CREDITO","327178","","13864.48","7,537255.44"
"09/03/26","DEBIN CREDITO","330993","","23767.68","7,561023.12"
"09/03/26","DEBIN CREDITO","332248","","17825.76","7,578848.88"
"09/03/26","DEBIN CREDITO","335170","","5941.92","7,584790.80"
"09/03/26","DEBIN CREDITO","335992","","11883.84","7,596674.64"
"09/03/26","DEBIN CREDITO","340283","","11883.84","7,608558.48"
"09/03/26","DEBIN CREDITO","342346","","2970.96","7,611529.44"
"09/03/26","DEBIN CREDITO","343098","","2970.96","7,614500.40"
"09/03/26","DEBIN CREDITO","356500","","11883.84","7,626384.24"
"09/03/26","DEBIN CREDITO","359560","","5941.92","7,632326.16"
"09/03/26","DEBIN CREDITO","360024","","2970.96","7,635297.12"
"09/03/26","DEBIN CREDITO","361786","","3961.28","7,639258.40"
"09/03/26","DEBIN CREDITO","363872","","1485.48","7,640743.88"
"09/03/26","DEBIN CREDITO","369131","","3961.28","7,644705.16"
"09/03/26","DEBIN CREDITO","370769","","9903.20","7,654608.36"
"09/03/26","DEBIN CREDITO","375471","","5941.92","7,660550.28"
"09/03/26","DEBIN CREDITO","376172","","5941.92","7,666492.20"
"09/03/26","DEBIN CREDITO","380484","","5941.92","7,672434.12"
"09/03/26","DEBIN CREDITO","412226","","19311.24","7,691745.36"
"09/03/26","DEBIN CREDITO","424747","","15845.12","7,707590.48"
"09/03/26","DEBIN CREDITO","433385","","8912.88","7,716503.36"
"09/03/26","DEBIN CREDITO","434327","","6932.24","7,723435.60"
"09/03/26","DEBIN CREDITO","439165","","5941.92","7,729377.52"
"09/03/26","DEBIN CREDITO","455531","","5941.92","7,735319.44"
"09/03/26","DEBIN CREDITO","456831","","5941.92","7,741261.36"
"09/03/26","DEBIN CREDITO","463987","","2970.96","7,744232.32"
"09/03/26","DEBIN CREDITO","464154","","2970.96","7,747203.28"
"09/03/26","DEBIN CREDITO","465610","","9408.04","7,756611.32"
"09/03/26","DEBIN CREDITO","471464","","5941.92","7,762553.24"
"09/03/26","DEBIN CREDITO","471601","","7922.56","7,770475.80"
"09/03/26","DEBIN CREDITO","473498","","2970.96","7,773446.76"
"09/03/26","DEBIN CREDITO","473759","","7922.56","7,781369.32"
"09/03/26","DEBIN CREDITO","477038","","3466.12","7,784835.44"
"09/03/26","DEBIN CREDITO","477150","","5941.92","7,790777.36"
"09/03/26","DEBIN CREDITO","478175","","6932.24","7,797709.60"
"09/03/26","DEBIN CREDITO","478239","","2970.96","7,800680.56"
"09/03/26","DEBIN CREDITO","478309","","5941.92","7,806622.48"
"09/03/26","DEBIN CREDITO","478480","","3466.12","7,810088.60"
"09/03/26","DEBIN CREDITO","482502","","5941.92","7,816030.52"
"09/03/26","DEBIN CREDITO","482888","","1485.48","7,817516.00"
"09/03/26","DEBIN CREDITO","486000","","5941.92","7,823457.92"
"09/03/26","TRANSFERENCIA RECIBI","543888","","164671.00","7,988128.92"
"09/03/26","DEBIN CREDITO","551530","","7922.56","7,996051.48"
"09/03/26","TRANSFERENCIA RECIBI","559774","","600000.00","8,596051.48"
"09/03/26","DEBIN CREDITO","559828","","35651.52","8,631703.00"
"09/03/26","DEBIN CREDITO","566168","","11883.84","8,643586.84"
"09/03/26","DEBIN CREDITO","566949","","5941.92","8,649528.76"
"09/03/26","DEBIN CREDITO","572466","","11883.84","8,661412.60"
"09/03/26","DEBIN CREDITO","573203","","5941.92","8,667354.52"
"09/03/26","DEBIN CREDITO","580281","","5941.92","8,673296.44"
"09/03/26","DEBIN CREDITO","582130","","13864.48","8,687160.92"
"09/03/26","DEBIN CREDITO","586369","","521734.50","9,208895.42"
"Cuenta Corriente Bancaria - Cuenta Corriente Comercial"
"MUNICIPALIDAD ING LUIGGI OC","370-  1 -    220,032/3"
"HIPOLITO YRIGOYEN   552","Pesos"
"6205-ING. LUIGGI                                                   ","09303209   10100022003232"
"LA PAMPA","30-99919740/6"
"SUCURSAL INGENIERO LUIGGI","EXENTO"
"01/04/26","339"
"Titulares: MUNICIPALIDAD DE INGENIERO LUIGGI","CUIT: 30-99919740/6"
"Cantidad de Titulares: 01"
"____________________________________________________________________________________________________"
"","SALDO ANTERIOR","","","","9,208895.42"
"09/03/26","DEBIN CREDITO","586544","","11883.84","9,220779.26"
"09/03/26","DEBIN CREDITO","587258","","11883.84","9,232663.10"
"09/03/26","DEBIN CREDITO","588391","","5941.92","9,238605.02"
"09/03/26","DEBIN CREDITO","593118","","3961.28","9,242566.30"
"09/03/26","DEBIN CREDITO","593349","","5941.92","9,248508.22"
"09/03/26","DEBIN CREDITO","593524","","3961.28","9,252469.50"
"09/03/26","DEBIN CREDITO","593732","","1980.64","9,254450.14"
"09/03/26","DEBIN CREDITO","594558","","11883.84","9,266333.98"
"09/03/26","DEBIN CREDITO","594704","","9903.20","9,276237.18"
"09/03/26","DEBIN CREDITO","595031","","3961.28","9,280198.46"
"09/03/26","DEBIN CREDITO","600160","","7922.56","9,288121.02"
"09/03/26","DEBIN CREDITO","600956","","3961.28","9,292082.30"
"09/03/26","DEBIN CREDITO","601065","","11883.84","9,303966.14"
"09/03/26","DEBIN CREDITO","602920","","9903.20","9,313869.34"
"09/03/26","DEBIN CREDITO","606088","","5941.92","9,319811.26"
"09/03/26","DEBIN CREDITO","607020","","11883.84","9,331695.10"
"09/03/26","DEBIN CREDITO","608096","","5941.92","9,337637.02"
"09/03/26","DEBIN CREDITO","731750","","13864.48","9,351501.50"
"09/03/26","DEBIN CREDITO","734762","","5941.92","9,357443.42"
"09/03/26","DEBIN CREDITO","738792","","5941.92","9,363385.34"
"09/03/26","DEBIN CREDITO","741635","","8912.88","9,372298.22"
"09/03/26","DEBIN CREDITO","741940","","11883.84","9,384182.06"
"09/03/26","DEBIN CREDITO","743134","","14854.80","9,399036.86"
"09/03/26","DEBIN CREDITO","745875","","11883.84","9,410920.70"
"09/03/26","DEBIN CREDITO","747541","","6932.24","9,417852.94"
"09/03/26","DEBIN CREDITO","754914","","9903.20","9,427756.14"
"09/03/26","DEBIN CREDITO","756023","","5941.92","9,433698.06"
"09/03/26","DEBIN CREDITO","758052","","3961.28","9,437659.34"
"09/03/26","DEBIN CREDITO","762251","","5941.92","9,443601.26"
"09/03/26","DEBIN CREDITO","765127","","5941.92","9,449543.18"
"09/03/26","DEBIN CREDITO","766220","","2970.96","9,452514.14"
"09/03/26","DEBIN CREDITO","766328","","17825.76","9,470339.90"
"09/03/26","DEBIN CREDITO","767709","","11883.84","9,482223.74"
"09/03/26","DEBIN CREDITO","775837","","6932.24","9,489155.98"
"09/03/26","DEBIN CREDITO","784293","","11883.84","9,501039.82"
"09/03/26","DEBIN CREDITO","787214","","8912.88","9,509952.70"
"09/03/26","DEBIN CREDITO","788117","","15845.12","9,525797.82"
"09/03/26","DEBIN CREDITO","800952","","18816.08","9,544613.90"
"09/03/26","TRANSFERENCIA RECIBI","806509","","4000.00","9,548613.90"
"09/03/26","DEBIN CREDITO","807883","","5941.92","9,554555.82"
"09/03/26","DEBIN CREDITO","808552","","8912.88","9,563468.70"
"09/03/26","DEBIN CREDITO","808991","","11883.84","9,575352.54"
"09/03/26","DEBIN CREDITO","809135","","5941.92","9,581294.46"
"09/03/26","DEBIN CREDITO","811216","","9903.20","9,591197.66"
"09/03/26","DEBIN CREDITO","811527","","2970.96","9,594168.62"
"09/03/26","TRANSFERENCIA RECIBI","814255","","12000.00","9,606168.62"
"09/03/26","DEBIN CREDITO","816013","","8912.88","9,615081.50"
"09/03/26","TRANSFERENCIA RECIBI","817143","","2400.00","9,617481.50"
"09/03/26","DEBIN CREDITO","819503","","2970.96","9,620452.46"
"09/03/26","DEBIN CREDITO","819766","","10893.52","9,631345.98"
"09/03/26","DEBIN CREDITO","821070","","3466.12","9,634812.10"
"09/03/26","DEBIN CREDITO","821670","","15845.12","9,650657.22"
"09/03/26","DEBIN CREDITO","823565","","11883.84","9,662541.06"
"09/03/26","DEBIN CREDITO","826272","","2970.96","9,665512.02"
"09/03/26","DEBIN CREDITO","826476","","5941.92","9,671453.94"
"09/03/26","DEBIN CREDITO","826987","","1485.48","9,672939.42"
"Cuenta Corriente Bancaria - Cuenta Corriente Comercial"
"MUNICIPALIDAD ING LUIGGI OC","370-  1 -    220,032/3"
"HIPOLITO YRIGOYEN   552","Pesos"
"6205-ING. LUIGGI                                                   ","09303209   10100022003232"
"LA PAMPA","30-99919740/6"
"SUCURSAL INGENIERO LUIGGI","EXENTO"
"01/04/26","340"
"Titulares: MUNICIPALIDAD DE INGENIERO LUIGGI","CUIT: 30-99919740/6"
"Cantidad de Titulares: 01"
"____________________________________________________________________________________________________"
"","SALDO ANTERIOR","","","","9,672939.42"
"09/03/26","DEBIN CREDITO","827974","","1980.64","9,674920.06"
"09/03/26","TRANSFERENCIA RECIBI","828478","","206075.00","9,880995.06"
"09/03/26","DEBIN CREDITO","831088","","5941.92","9,886936.98"
"09/03/26","DEBIN CREDITO","832013","","5941.92","9,892878.90"
"09/03/26","DEBIN CREDITO","834480","","17825.76","9,910704.66"
"09/03/26","DEBIN CREDITO","838674","","5941.92","9,916646.58"
"09/03/26","DEBIN CREDITO","839764","","11883.84","9,928530.42"
"09/03/26","DEBIN CREDITO","842207","","15845.12","9,944375.54"
"09/03/26","DEBIN CREDITO","845286","","5941.92","9,950317.46"
"09/03/26","DEBIN CREDITO","847257","","3466.12","9,953783.58"
"09/03/26","TRANSFERENCIA RECIBI","943200","","700000.00","10,653783.58"
"09/03/26","CHEQUE DEPOSITADO","3014074","","700000.00","11,353783.58"
"09/03/26","CHEQUE DEPOSITADO","3014088","","225000.00","11,578783.58"
"09/03/26","DATANET","3489217","","1300000.00","12,878783.58"
"09/03/26","TRANSF. RECIBIDA PAM","4645439","","1500000.00","14,378783.58"
"09/03/26","TRANSF. RECIBIDA PAM","4649447","","8989.27","14,387772.85"
"09/03/26","TRANSFERENCIA RECIBI","124992225","","4200.00","14,391972.85"
"09/03/26","CHEQUE DEPOSITADO","65408073","","6221821.00","20,613793.85"
"09/03/26","TRANSFERENCIA RECIBI","816145191","","38236.00","20,652029.85"
"09/03/26","TRANSFERENCIA RECIBI","388450286","","24440.00","20,676469.85"
"10/03/26","IVA","","1.26","","20,676468.59"
"10/03/26","PAGO IMPUESTOS Y SER","772103","12968596.67","","7,707871.92"
"10/03/26","COM. TRANSF. PAMPA D","4648789","3.00","","7,707868.92"
"10/03/26","PAGO DE SUELDOS PAMP","4648789","200000.00","","7,507868.92"
"10/03/26","COM. TRANSF. PAMPA D","4654051","3.00","","7,507865.92"
"10/03/26","PAGO DE SUELDOS PAMP","4654051","200000.00","","7,307865.92"
"10/03/26","TRANSF. ENVIADA PAMP","4663201","100000.00","","7,207865.92"
"10/03/26","TRANSF. ENVIADA PAMP","4663223","138937.50","","7,068928.42"
"10/03/26","ACREDITACION NETA PA","50","","8323.77","7,077252.19"
"10/03/26","DEPOSITO EN EFECTIVO","59","","2127066.83","9,204319.02"
"10/03/26","TRANSFERENCIA RECIBI","60808","","1145022.00","10,349341.02"
"10/03/26","TRANSFERENCIA RECIBI","73126","","350000.00","10,699341.02"
"10/03/26","ACREDITACION VENTAS","248020","","108100.92","10,807441.94"
"10/03/26","ACREDITACION VENTAS","248042","","587420.46","11,394862.40"
"10/03/26","TRANSFERENCIA RECIBI","568194","","7000.00","11,401862.40"
"10/03/26","TRANSFERENCIA RECIBI","570473","","19198.45","11,421060.85"
"10/03/26","TRANSFERENCIA RECIBI","575052","","210000.00","11,631060.85"
"10/03/26","TRANSFERENCIA RECIBI","598482","","19055.53","11,650116.38"
"10/03/26","TRANSFERENCIA RECIBI","602412","","90182.49","11,740298.87"
"10/03/26","TRANSFERENCIA RECIBI","433261125","","25765.00","11,766063.87"
"10/03/26","TRANSFERENCIA RECIBI","823910873","","5340.00","11,771403.87"
"10/03/26","TRANSF. RECIBIDA PAM","4656771","","0.40","11,771404.27"
"10/03/26","TRANSF. RECIBIDA PAM","4657129","","5.87","11,771410.14"
"10/03/26","TRANSF. RECIBIDA PAM","4657497","","646122.63","12,417532.77"
"10/03/26","TRANSFERENCIA RECIBI","928458763","","8989.27","12,426522.04"
"10/03/26","TRANSFERENCIA RECIBI","139456358","","20000.00","12,446522.04"
"11/03/26","IVA","","2415.00","","12,444107.04"
"11/03/26","DEBITO COMERCIO FISE","248115","392.88","","12,443714.16"
"11/03/26","PAGO IMPUESTOS Y SER","279375","1851003.48","","10,592710.68"
"11/03/26","TRANSF. ENVIADA PAMP","4670921","8121600.00","","2,471110.68"
"11/03/26","TRANSF. ENVIADA PAMP","4671513","2500000.00","","-28889.32"
"11/03/26","TRANSF. ENVIADA PAMP","4672083","6254183.29","","-6,283072.61"
"11/03/26","COM. TRANSF. PAMPA D","4672083","11500.00","","-6,294572.61"
"11/03/26","DEPOSITO EN EFECTIVO","47","","3082062.54","-3,212510.07"
"11/03/26","ACREDITACION NETA PA","53","","72625.57","-3,139884.50"
"11/03/26","TRANSFERENCIA RECIBI","55517","","2000000.00","-1,139884.50"
"Cuenta Corriente Bancaria - Cuenta Corriente Comercial"
"MUNICIPALIDAD ING LUIGGI OC","370-  1 -    220,032/3"
"HIPOLITO YRIGOYEN   552","Pesos"
"6205-ING. LUIGGI                                                   ","09303209   10100022003232"
"LA PAMPA","30-99919740/6"
"SUCURSAL INGENIERO LUIGGI","EXENTO"
"01/04/26","341"
"Titulares: MUNICIPALIDAD DE INGENIERO LUIGGI","CUIT: 30-99919740/6"
"Cantidad de Titulares: 01"
"____________________________________________________________________________________________________"
"","SALDO ANTERIOR","","","","-1,139884.50"
"11/03/26","DATANET","211759","","900000.00","-239884.50"
"11/03/26","ACREDITACION VENTAS","248168","","129818.15","-110066.35"
"11/03/26","ACREDITACION VENTAS","248183","","3586.56","-106479.79"
"11/03/26","ACREDITACION VENTAS","248200","","116160.15","9680.36"
"11/03/26","ACREDITACION VENTAS","248234","","77550.15","87230.51"
"11/03/26","TRANSFERENCIA RECIBI","405719","","4200.00","91430.51"
"11/03/26","TRANSFERENCIA RECIBI","621154","","1199190.38","1,290620.89"
"11/03/26","TRANSFERENCIA RECIBI","785658","","15000.00","1,305620.89"
"11/03/26","TRANSFERENCIA RECIBI","815711","","400000.00","1,705620.89"
"11/03/26","TRANSFERENCIA RECIBI","721528952","","59349.00","1,764969.89"
"11/03/26","DATANET","3242889","","1000000.00","2,764969.89"
"11/03/26","TRANSF. RECIBIDA PAM","4668545","","500000.00","3,264969.89"
"11/03/26","TRANSF. RECIBIDA PAM","4669293","","1425000.00","4,689969.89"
"11/03/26","TRANSFERENCIA RECIBI","615171325","","44172.00","4,734141.89"
"11/03/26","TRANSFERENCIA RECIBI","985718968","","24800.00","4,758941.89"
"11/03/26","TRANSFERENCIA RECIBI","87780704","","4200.00","4,763141.89"
"11/03/26","TRANSFERENCIA RECIBI","128924926","","70483.87","4,833625.76"
"12/03/26","PAGO IMPUESTOS Y SER","478395","1448385.89","","3,385239.87"
"12/03/26","PAGO IMPUESTOS Y SER","562136","866868.15","","2,518371.72"
"12/03/26","DEPOSITO EN EFECTIVO","17","","559101.34","3,077473.06"
"12/03/26","ACREDITACION NETA PA","50","","169533.98","3,247007.04"
"12/03/26","COBRO DE PROVEEDORES","558","","450000.00","3,697007.04"
"12/03/26","TRANSFERENCIA RECIBI","106842","","95000.00","3,792007.04"
"12/03/26","TRANSFERENCIA RECIBI","115720","","350000.00","4,142007.04"
"12/03/26","TRANSFERENCIA RECIBI","123718","","1000000.00","5,142007.04"
"12/03/26","ACREDITACION VENTAS","248302","","421066.68","5,563073.72"
"12/03/26","ACREDITACION VENTAS","248321","","172167.22","5,735240.94"
"12/03/26","TRANSFERENCIA RECIBI","618378","","1133734.92","6,868975.86"
"12/03/26","TRANSFERENCIA RECIBI","652464","","278000.00","7,146975.86"
"12/03/26","TRANSFERENCIA RECIBI","693774","","6000.00","7,152975.86"
"12/03/26","TRANSFERENCIA RECIBI","91439747","","8000.00","7,160975.86"
"12/03/26","DATANET","3324765","","500000.00","7,660975.86"
"12/03/26","TRANSF. RECIBIDA PAM","4677373","","1009179.47","8,670155.33"
"12/03/26","TRANSF. RECIBIDA PAM","4677555","","269524.35","8,939679.68"
"12/03/26","TRANSF. RECIBIDA PAM","4677757","","57292.86","8,996972.54"
"12/03/26","DATANET","6397940","","1000000.00","9,996972.54"
"13/03/26","PAGO IMPUESTOS Y SER","442506","5340353.66","","4,656618.88"
"13/03/26","TRANSF. ENVIADA PAMP","4689735","3616400.00","","1,040218.88"
"13/03/26","TRANSF. ENVIADA PAMP","4689991","2461584.00","","-1,421365.12"
"13/03/26","TRANSF. ENVIADA PAMP","4690449","2714659.49","","-4,136024.61"
"13/03/26","TRANSF. ENVIADA PAMP","4690603","245000.00","","-4,381024.61"
"13/03/26","TRANSF. ENVIADA PAMP","4691847","288000.00","","-4,669024.61"
"13/03/26","TRANSF. ENVIADA PAMP","4691923","487500.00","","-5,156524.61"
"13/03/26","TRANSF. ENVIADA PAMP","4692025","1506375.00","","-6,662899.61"
"13/03/26","DEPOSITO EN EFECTIVO","31","","3992119.67","-2,670779.94"
"13/03/26","ACREDITACION NETA PA","49","","28035.33","-2,642744.61"
"13/03/26","TRANSFERENCIA RECIBI","2599","","70000.00","-2,572744.61"
"13/03/26","TRANSFERENCIA RECIBI","177555","","16000.00","-2,556744.61"
"13/03/26","ACREDITACION VENTAS","248439","","91654.16","-2,465090.45"
"13/03/26","ACREDITACION VENTAS","248454","","1663341.30","-801749.15"
"13/03/26","TRANSFERENCIA RECIBI","418701","","36500.00","-765249.15"
"13/03/26","DEBIN CREDITO","544280","","330000.00","-435249.15"
"13/03/26","TRANSFERENCIA RECIBI","666449","","300000.00","-135249.15"
"13/03/26","TRANSFERENCIA RECIBI","670121","","70000.00","-65249.15"
"13/03/26","TRANSFERENCIA RECIBI","102786604","","6985.23","-58263.92"
"13/03/26","DATANET","3453878","","3600000.00","3,541736.08"
"Cuenta Corriente Bancaria - Cuenta Corriente Comercial"
"MUNICIPALIDAD ING LUIGGI OC","370-  1 -    220,032/3"
"HIPOLITO YRIGOYEN   552","Pesos"
"6205-ING. LUIGGI                                                   ","09303209   10100022003232"
"LA PAMPA","30-99919740/6"
"SUCURSAL INGENIERO LUIGGI","EXENTO"
"01/04/26","342"
"Titulares: MUNICIPALIDAD DE INGENIERO LUIGGI","CUIT: 30-99919740/6"
"Cantidad de Titulares: 01"
"____________________________________________________________________________________________________"
"","SALDO ANTERIOR","","","","3,541736.08"
"13/03/26","TRANSF. RECIBIDA PAM","4686845","","400000.00","3,941736.08"
"13/03/26","TRANSF. RECIBIDA PAM","4687155","","100000.00","4,041736.08"
"13/03/26","CHEQUE DEPOSITADO","65057856","","923607.66","4,965343.74"
"13/03/26","TRANSFERENCIA RECIBI","947380124","","14600.00","4,979943.74"
"13/03/26","COBRO PROVEEDOR BANC","17896430","","3683931.24","8,663874.98"
"13/03/26","TRANSFERENCIA RECIBI","858433956","","160000.00","8,823874.98"
"13/03/26","TRANSFERENCIA RECIBI","218490830","","154984.86","8,978859.84"
"16/03/26","PAGO IMPUESTOS Y SER","787116","2912965.69","","6,065894.15"
"16/03/26","TRANSF. ENVIADA PAMP","4700375","5366608.78","","699285.37"
"16/03/26","TRANSF. ENVIADA PAMP","4700829","250000.00","","449285.37"
"16/03/26","TRANSF. ENVIADA PAMP","4701759","1680235.00","","-1,230949.63"
"16/03/26","TRANSF. ENVIADA PAMP","4702935","2318051.60","","-3,549001.23"
"16/03/26","DEBIN CREDITO","48","","702000.00","-2,847001.23"
"16/03/26","ACREDITACION NETA PA","48","","71658.03","-2,775343.20"
"16/03/26","DEPOSITO EN EFECTIVO","56","","7503886.78","4,728543.58"
"16/03/26","DEBIN CREDITO","9011","","333492.15","5,062035.73"
"16/03/26","COBRO DE PROVEEDORES","32161","","1206000.00","6,268035.73"
"16/03/26","DEBIN CREDITO","154454","","67945.00","6,335980.73"
"16/03/26","ACREDITACION VENTAS","248555","","70214.95","6,406195.68"
"16/03/26","ACREDITACION VENTAS","248569","","488739.31","6,894934.99"
"16/03/26","TRANSFERENCIA RECIBI","430131","","5897.83","6,900832.82"
"16/03/26","TRANSFERENCIA RECIBI","659642","","60000.00","6,960832.82"
"16/03/26","TRANSFERENCIA RECIBI","697744","","1613146.35","8,573979.17"
"16/03/26","TRANSFERENCIA RECIBI","709353","","85000.00","8,658979.17"
"16/03/26","TRANSF. RECIBIDA PAM","4698147","","515000.00","9,173979.17"
"16/03/26","TRANSFERENCIA RECIBI","114771981","","40000.00","9,213979.17"
"16/03/26","TRANSFERENCIA RECIBI","35278305","","82237.00","9,296216.17"
"16/03/26","TRANSFERENCIA RECIBI","86281664","","39234.93","9,335451.10"
"16/03/26","DATANET","6843146","","1000000.00","10,335451.10"
"17/03/26","IVA","","714.00","","10,334737.10"
"17/03/26","PAGO IMPUESTOS Y SER","521038","8699938.68","","1,634798.42"
"17/03/26","COM. CHEQUE DEPOSITA","3014091","3400.00","","1,631398.42"
"17/03/26","TRANSF. ENVIADA PAMP","4709685","3478675.13","","-1,847276.71"
"17/03/26","TRANSF. ENVIADA PAMP","4709791","1200000.00","","-3,047276.71"
"17/03/26","TRANSF. ENVIADA PAMP","4711215","871200.00","","-3,918476.71"
"17/03/26","DEPOSITO EN EFECTIVO","36","","10367056.78","6,448580.07"
"17/03/26","ACREDITACION VENTAS","248701","","447064.40","6,895644.47"
"17/03/26","ACREDITACION VENTAS","248721","","373050.72","7,268695.19"
"17/03/26","TRANSFERENCIA RECIBI","252951","","1645137.77","8,913832.96"
"17/03/26","TRANSFERENCIA RECIBI","831257","","83237.04","8,997070.00"
"17/03/26","DEBIN CREDITO","837964","","4200.00","9,001270.00"
"17/03/26","TRANSFERENCIA RECIBI","801273244","","4000.00","9,005270.00"
"17/03/26","DATANET","1815409","","1000000.00","10,005270.00"
"17/03/26","CHEQUE DEPOSITADO","3014091","","1150000.00","11,155270.00"
"17/03/26","TRANSF. RECIBIDA PAM","4706431","","0.89","11,155270.89"
"17/03/26","TRANSF. RECIBIDA PAM","4706971","","4.28","11,155275.17"
"17/03/26","TRANSF. RECIBIDA PAM","4707171","","1477610.48","12,632885.65"
"18/03/26","PAGO IMPUESTOS Y SER","251212","5262721.63","","7,370164.02"
"18/03/26","TRANSF. ENVIADA PAMP","4717329","190000.00","","7,180164.02"
"18/03/26","TRANSF. ENVIADA PAMP","4717599","6426075.37","","754088.65"
"18/03/26","TRANSF. ENVIADA PAMP","4719697","1793681.34","","-1,039592.69"
"18/03/26","TRANSF. ENVIADA PAMP","4719711","100000.00","","-1,139592.69"
"18/03/26","DEPOSITO EN EFECTIVO","10","","1973400.00","833807.31"
"18/03/26","DEPOSITO EN EFECTIVO","26","","4101376.01","4,935183.32"
"18/03/26","TRANSFERENCIA RECIBI","88590","","80000.00","5,015183.32"
"18/03/26","ACREDITACION VENTAS","248868","","108432.74","5,123616.06"
"Cuenta Corriente Bancaria - Cuenta Corriente Comercial"
"MUNICIPALIDAD ING LUIGGI OC","370-  1 -    220,032/3"
"HIPOLITO YRIGOYEN   552","Pesos"
"6205-ING. LUIGGI                                                   ","09303209   10100022003232"
"LA PAMPA","30-99919740/6"
"SUCURSAL INGENIERO LUIGGI","EXENTO"
"01/04/26","343"
"Titulares: MUNICIPALIDAD DE INGENIERO LUIGGI","CUIT: 30-99919740/6"
"Cantidad de Titulares: 01"
"____________________________________________________________________________________________________"
"","SALDO ANTERIOR","","","","5,123616.06"
"18/03/26","ACREDITACION VENTAS","248881","","2310477.33","7,434093.39"
"18/03/26","DEBIN CREDITO","502241","","700000.00","8,134093.39"
"18/03/26","TRANSFERENCIA RECIBI","502512","","192672.20","8,326765.59"
"18/03/26","TRANSFERENCIA RECIBI","753677","","150000.00","8,476765.59"
"18/03/26","SUELDO","929966","","910000.00","9,386765.59"
"18/03/26","TRANSFERENCIA RECIBI","991306347","","150211.39","9,536976.98"
"18/03/26","TRANSFERENCIA RECIBI","303272771","","42800.00","9,579776.98"
"18/03/26","TRANSF. RECIBIDA PAM","4714789","","130000.00","9,709776.98"
"18/03/26","TRANSF. RECIBIDA PAM","4717089","","214391.38","9,924168.36"
"18/03/26","CHEQUE DEPOSITADO","65057857","","1500000.00","11,424168.36"
"18/03/26","TRANSFERENCIA RECIBI","775888063","","120651.83","11,544820.19"
"19/03/26","PAGO IMPUESTOS Y SER","604459","2548096.70","","8,996723.49"
"19/03/26","TRANSF. ENVIADA PAMP","4723749","300000.00","","8,696723.49"
"19/03/26","TRANSF. ENVIADA PAMP","4727391","110000.00","","8,586723.49"
"19/03/26","TRANSF. ENVIADA PAMP","4727451","4348306.98","","4,238416.51"
"19/03/26","TRANSF. ENVIADA PAMP","4727605","1694257.50","","2,544159.01"
"19/03/26","DEPOSITO EN EFECTIVO","30","","1191644.34","3,735803.35"
"19/03/26","ACREDITACION VENTAS","248992","","128380.47","3,864183.82"
"19/03/26","ACREDITACION VENTAS","249007","","1931769.94","5,795953.76"
"19/03/26","SUELDO","289844","","450000.00","6,245953.76"
"19/03/26","TRANSFERENCIA RECIBI","327664","","44161.00","6,290114.76"
"19/03/26","TRANSFERENCIA RECIBI","335540","","1131381.55","7,421496.31"
"19/03/26","TRANSFERENCIA RECIBI","358246","","100000.00","7,521496.31"
"19/03/26","TRANSFERENCIA RECIBI","367684","","23000.00","7,544496.31"
"19/03/26","TRANSFERENCIA RECIBI","370025","","2000000.00","9,544496.31"
"19/03/26","TRANSFERENCIA RECIBI","383162","","507081.00","10,051577.31"
"19/03/26","TRANSFERENCIA RECIBI","693171","","600000.00","10,651577.31"
"19/03/26","TRANSFERENCIA RECIBI","693664","","600000.00","11,251577.31"
"19/03/26","TRANSFERENCIA RECIBI","770811","","99892.75","11,351470.06"
"19/03/26","TRANSFERENCIA RECIBI","775132","","475000.00","11,826470.06"
"19/03/26","TRANSFERENCIA RECIBI","776051","","148686.70","11,975156.76"
"19/03/26","DEBIN CREDITO","970866","","16000.00","11,991156.76"
"19/03/26","TRANSFERENCIA RECIBI","321846342","","2400.00","11,993556.76"
"19/03/26","DATANET","3333502","","500000.00","12,493556.76"
"19/03/26","DATANET","3346136","","2000000.00","14,493556.76"
"19/03/26","DATANET","3357171","","150000.00","14,643556.76"
"19/03/26","TRANSFERENCIA RECIBI","444377389","","1900.00","14,645456.76"
"19/03/26","TRANSF. RECIBIDA PAM","4723053","","450000.00","15,095456.76"
"19/03/26","TRANSF. RECIBIDA PAM","4725355","","120000.00","15,215456.76"
"19/03/26","TRANSF. RECIBIDA PAM","4725655","","150000.00","15,365456.76"
"19/03/26","TRANSFERENCIA RECIBI","256271599","","80000.00","15,445456.76"
"19/03/26","TRANSFERENCIA RECIBI","699503209","","4800.00","15,450256.76"
"20/03/26","IVA","","0.63","","15,450256.13"
"20/03/26","PAGO IMPUESTOS Y SER","4145","1009847.50","","14,440408.63"
"20/03/26","COM. TRANSF. PAMPA D","4723595","3.00","","14,440405.63"
"20/03/26","PAGO DE SUELDOS PAMP","4723595","100000.00","","14,340405.63"
"20/03/26","TRANSF. ENVIADA PAMP","4735001","101872.00","","14,238533.63"
"20/03/26","TRANSF. ENVIADA PAMP","4735177","1986500.00","","12,252033.63"
"20/03/26","TRANSF. ENVIADA PAMP","4735577","100000.00","","12,152033.63"
"20/03/26","TRANSF. ENVIADA PAMP","4736343","7447959.16","","4,704074.47"
"20/03/26","DEPOSITO EN EFECTIVO","33","","1825011.22","6,529085.69"
"20/03/26","ACREDITACION VENTAS","249113","","103636.67","6,632722.36"
"20/03/26","ACREDITACION VENTAS","249127","","166720.47","6,799442.83"
"20/03/26","ACREDITACION VENTAS","249155","","21155.56","6,820598.39"
"20/03/26","TRANSFERENCIA RECIBI","459517","","100000.00","6,920598.39"
"20/03/26","DEBIN CREDITO","507493","","450000.00","7,370598.39"
"Cuenta Corriente Bancaria - Cuenta Corriente Comercial"
"MUNICIPALIDAD ING LUIGGI OC","370-  1 -    220,032/3"
"HIPOLITO YRIGOYEN   552","Pesos"
"6205-ING. LUIGGI                                                   ","09303209   10100022003232"
"LA PAMPA","30-99919740/6"
"SUCURSAL INGENIERO LUIGGI","EXENTO"
"01/04/26","344"
"Titulares: MUNICIPALIDAD DE INGENIERO LUIGGI","CUIT: 30-99919740/6"
"Cantidad de Titulares: 01"
"____________________________________________________________________________________________________"
"","SALDO ANTERIOR","","","","7,370598.39"
"20/03/26","TRANSFERENCIA RECIBI","700545764","","27338.73","7,397937.12"
"20/03/26","TRANSFERENCIA RECIBI","210764189","","84000.00","7,481937.12"
"20/03/26","TRANSFERENCIA RECIBI","794159","","450000.00","7,931937.12"
"20/03/26","DATANET","1818395","","1000000.00","8,931937.12"
"20/03/26","TRANSFERENCIA RECIBI","343369765","","16000.00","8,947937.12"
"20/03/26","DATANET","3451304","","400000.00","9,347937.12"
"20/03/26","TRANSFERENCIA RECIBI","159243619","","13000.00","9,360937.12"
"25/03/26","IVA","","1428.00","","9,359509.12"
"25/03/26","PAGO IMPUESTOS Y SER","683033","2993322.93","","6,366186.19"
"25/03/26","COM. CHEQUE DEPOSITA","3014103","3400.00","","6,362786.19"
"25/03/26","COM. CHEQUE DEPOSITA","3014105","3400.00","","6,359386.19"
"25/03/26","TRANSF. ENVIADA PAMP","4748511","200000.00","","6,159386.19"
"25/03/26","DEPOSITO EN EFECTIVO","51","","4228852.53","10,388238.72"
"25/03/26","COBRO DE PROVEEDORES","38180","","500000.00","10,888238.72"
"25/03/26","TRANSFERENCIA RECIBI","118968","","150000.00","11,038238.72"
"25/03/26","TRANSFERENCIA RECIBI","201473","","6000.00","11,044238.72"
"25/03/26","TRANSFERENCIA RECIBI","201792","","1300000.00","12,344238.72"
"25/03/26","TRANSFERENCIA RECIBI","213280","","10000.00","12,354238.72"
"25/03/26","ACREDITACION VENTAS","248414","","7903.20","12,362141.92"
"25/03/26","ACREDITACION VENTAS","249223","","39292.67","12,401434.59"
"25/03/26","ACREDITACION VENTAS","249238","","8100.78","12,409535.37"
"25/03/26","ACREDITACION VENTAS","249263","","2407.87","12,411943.24"
"25/03/26","TRANSFERENCIA RECIBI","397975","","10000.00","12,421943.24"
"25/03/26","TRANSFERENCIA RECIBI","659609","","600000.00","13,021943.24"
"25/03/26","TRANSFERENCIA RECIBI","960741883","","80033.00","13,101976.24"
"25/03/26","TRANSFERENCIA RECIBI","848599","","2000.00","13,103976.24"
"25/03/26","TRANSFERENCIA RECIBI","860435","","35000.00","13,138976.24"
"25/03/26","DATANET","2631252","","7200000.00","20,338976.24"
"25/03/26","CHEQUE DEPOSITADO","3014103","","130000.00","20,468976.24"
"25/03/26","CHEQUE DEPOSITADO","3014105","","170000.00","20,638976.24"
"25/03/26","TRANSF. RECIBIDA PAM","4744239","","400000.00","21,038976.24"
"25/03/26","TRANSF. RECIBIDA PAM","4744749","","352000.00","21,390976.24"
"26/03/26","IVA","","0.63","","21,390975.61"
"26/03/26","COM. TRANSF. PAMPA D","4749971","3.00","","21,390972.61"
"26/03/26","PAGO DE SUELDOS PAMP","4749971","500000.00","","20,890972.61"
"26/03/26","TRANSF. ENVIADA PAMP","4751929","5700952.25","","15,190020.36"
"26/03/26","TRANSF. ENVIADA PAMP","4757121","800000.00","","14,390020.36"
"26/03/26","TRANSF. ENVIADA PAMP","4757147","256295.27","","14,133725.09"
"26/03/26","TRANSF. ENVIADA PAMP","4757419","350000.00","","13,783725.09"
"26/03/26","DEPOSITO EN EFECTIVO","31","","3046823.29","16,830548.38"
"26/03/26","DEBIN CREDITO","226367","","3000.00","16,833548.38"
"26/03/26","ACREDITACION VENTAS","249347","","482666.42","17,316214.80"
"26/03/26","ACREDITACION VENTAS","249370","","853993.44","18,170208.24"
"26/03/26","DEBIN CREDITO","529065","","302425.39","18,472633.63"
"26/03/26","TRANSFERENCIA RECIBI","601637","","8196000.00","26,668633.63"
"26/03/26","TRANSFERENCIA RECIBI","620942","","1000000.00","27,668633.63"
"26/03/26","TRANSFERENCIA RECIBI","211015099","","3000.00","27,671633.63"
"26/03/26","TRANSF. RECIBIDA PAM","4752355","","31615089.21","59,286722.84"
"26/03/26","TRANSF. RECIBIDA PAM","4752773","","10809975.94","70,096698.78"
"26/03/26","TRANSF. RECIBIDA PAM","4752981","","2293266.74","72,389965.52"
"26/03/26","TRANSFERENCIA RECIBI","735425670","","1900.00","72,391865.52"
"26/03/26","TRANSFERENCIA RECIBI","335718144","","4200.00","72,396065.52"
"26/03/26","TRANSFERENCIA RECIBI","956392018","","10000.00","72,406065.52"
"26/03/26","TRANSFERENCIA RECIBI","157222991","","3000.00","72,409065.52"
"26/03/26","TRANSFERENCIA RECIBI","108731719","","132600.00","72,541665.52"
"27/03/26","PAGO IMPUESTOS Y SER","855860","9905589.43","","62,636076.09"
"Cuenta Corriente Bancaria - Cuenta Corriente Comercial"
"MUNICIPALIDAD ING LUIGGI OC","370-  1 -    220,032/3"
"HIPOLITO YRIGOYEN   552","Pesos"
"6205-ING. LUIGGI                                                   ","09303209   10100022003232"
"LA PAMPA","30-99919740/6"
"SUCURSAL INGENIERO LUIGGI","EXENTO"
"01/04/26","345"
"Titulares: MUNICIPALIDAD DE INGENIERO LUIGGI","CUIT: 30-99919740/6"
"Cantidad de Titulares: 01"
"____________________________________________________________________________________________________"
"","SALDO ANTERIOR","","","","62,636076.09"
"27/03/26","TRANSF. ENVIADA PAMP","4765233","4334500.00","","58,301576.09"
"27/03/26","TRANSF. ENVIADA PAMP","4765319","2058500.00","","56,243076.09"
"27/03/26","TRANSF. ENVIADA PAMP","4767355","1537575.00","","54,705501.09"
"27/03/26","TRANSF. ENVIADA PAMP","4767407","200000.00","","54,505501.09"
"27/03/26","DEPOSITO EN EFECTIVO","43","","3064971.52","57,570472.61"
"27/03/26","TRANSFERENCIA RECIBI","4351","","350000.00","57,920472.61"
"27/03/26","ACREDITACION VENTAS","249518","","426666.84","58,347139.45"
"27/03/26","ACREDITACION VENTAS","249531","","175832.78","58,522972.23"
"27/03/26","TRANSFERENCIA RECIBI","828202","","100360.00","58,623332.23"
"27/03/26","TRANSFERENCIA RECIBI","875405","","2400.00","58,625732.23"
"27/03/26","TRANSFERENCIA RECIBI","887307","","74787.72","58,700519.95"
"27/03/26","TRANSFERENCIA RECIBI","899666","","510734.50","59,211254.45"
"27/03/26","DATANET","2621980","","2500000.00","61,711254.45"
"27/03/26","TRANSF. RECIBIDA PAM","4761409","","76210.36","61,787464.81"
"27/03/26","TRANSF. RECIBIDA PAM","4765973","","200000.00","61,987464.81"
"27/03/26","TRANSFERENCIA RECIBI","565356312","","600.00","61,988064.81"
"30/03/26","IVA","","441.00","","61,987623.81"
"30/03/26","PAGO IMPUESTOS Y SER","320057","4138234.66","","57,849389.15"
"30/03/26","PAGO IMPUESTOS Y SER","815917","2441644.75","","55,407744.40"
"30/03/26","TRANSF. ENVIADA PAMP","4776003","450000.00","","54,957744.40"
"30/03/26","COM. TRANSF. PAMPA D","4776003","2100.00","","54,955644.40"
"30/03/26","TRANSF. ENVIADA PAMP","4777135","58897.00","","54,896747.40"
"30/03/26","DEPOSITO EN EFECTIVO","10","","4000.00","54,900747.40"
"30/03/26","DEPOSITO EN EFECTIVO","28","","4306568.62","59,207316.02"
"30/03/26","TRANSFERENCIA RECIBI","5149","","948838.00","60,156154.02"
"30/03/26","ACREDITACION VENTAS","249646","","119816.92","60,275970.94"
"30/03/26","ACREDITACION VENTAS","249660","","72753.90","60,348724.84"
"30/03/26","TRANSFERENCIA RECIBI","377343","","877541.00","61,226265.84"
"30/03/26","TRANSFERENCIA RECIBI","730400","","1748581.57","62,974847.41"
"30/03/26","TRANSFERENCIA RECIBI","929638","","4200.00","62,979047.41"
"30/03/26","TRANSFERENCIA RECIBI","711560675","","57000.00","63,036047.41"
"30/03/26","TRANSFERENCIA RECIBI","23786019","","43169.00","63,079216.41"
"30/03/26","TRANSF. RECIBIDA PAM","4772485","","49493819.29","112,573035.70"
"30/03/26","TRANSF. RECIBIDA PAM","4772603","","13207099.01","125,780134.71"
"30/03/26","TRANSF. RECIBIDA PAM","4772759","","2801800.95","128,581935.66"
"30/03/26","TRANSF. RECIBIDA PAM","4773579","","2775701.61","131,357637.27"
"30/03/26","TRANSFERENCIA RECIBI","965192380","","5000.00","131,362637.27"
"30/03/26","TRANSFERENCIA RECIBI","917063943","","6000.00","131,368637.27"
"30/03/26","TRANSFERENCIA RECIBI","747168232","","74558.99","131,443196.26"
"31/03/26","IVA","","59.22","","131,443137.04"
"31/03/26","IVA","","11760.00","","131,431377.04"
"31/03/26","COM. MANTENIMIENTO D","2603","56000.00","","131,375377.04"
"31/03/26","PAGO IMPUESTOS Y SER","957785","13330566.38","","118,044810.66"
"31/03/26","COM. TRANSF. PAMPA D","4775683","270.00","","118,044540.66"
"31/03/26","PAGO DE SUELDOS PAMP","4775683","111774492.69","","6,270047.97"
"31/03/26","COM. TRANSF. PAMPA D","4775727","12.00","","6,270035.97"
"31/03/26","PAGO DE SUELDOS PAMP","4775727","8675175.92","","-2,405139.95"
"31/03/26","TRANSF. ENVIADA PAMP","4781937","5629213.18","","-8,034353.13"
"31/03/26","TRANSF. ENVIADA PAMP","4787931","341250.00","","-8,375603.13"
"31/03/26","TRANSF. ENVIADA PAMP","4789277","276900.00","","-8,652503.13"
"31/03/26","TRANSF. ENVIADA PAMP","4790165","162943.80","","-8,815446.93"
"31/03/26","DEPOSITO EN EFECTIVO","9","","7751749.12","-1,063697.81"
"31/03/26","ACREDITACION NETA PA","48","","319257.79","-744440.02"
"31/03/26","ACREDITACION VENTAS","249775","","717661.46","-26778.56"
"31/03/26","ACREDITACION VENTAS","249794","","3655735.37","3,628956.81"
"31/03/26","TRANSFERENCIA RECIBI","870252483","","1900.00","3,630856.81"
"Cuenta Corriente Bancaria - Cuenta Corriente Comercial"
"MUNICIPALIDAD ING LUIGGI OC","370-  1 -    220,032/3"
"HIPOLITO YRIGOYEN   552","Pesos"
"6205-ING. LUIGGI                                                   ","09303209   10100022003232"
"LA PAMPA","30-99919740/6"
"SUCURSAL INGENIERO LUIGGI","EXENTO"
"01/04/26","346"
"Titulares: MUNICIPALIDAD DE INGENIERO LUIGGI","CUIT: 30-99919740/6"
"Cantidad de Titulares: 01"
"____________________________________________________________________________________________________"
"","SALDO ANTERIOR","","","","3,630856.81"
"31/03/26","TRANSFERENCIA RECIBI","541326","","35425.00","3,666281.81"
"31/03/26","TRANSFERENCIA RECIBI","717517","","300000.00","3,966281.81"
"31/03/26","TRANSFERENCIA RECIBI","944471","","18866.25","3,985148.06"
"31/03/26","TRANSFERENCIA RECIBI","995423","","500000.00","4,485148.06"
"31/03/26","TRANSF. RECIBIDA PAM","4783967","","11811341.74","16,296489.80"
"31/03/26","TRANSF. RECIBIDA PAM","4784209","","3151778.59","19,448268.39"
"31/03/26","TRANSF. RECIBIDA PAM","4784445","","668629.52","20,116897.91"
"31/03/26","TRANSFERENCIA RECIBI","195083469","","4000.00","20,120897.91"
"31/03/26","TRANSFERENCIA RECIBI","838003686","","21329.25","20,142227.16"
"31/03/26","TRANSFERENCIA RECIBI","538921811","","141652.48","20,283879.64"
"Saldo final al 31/03/2026","20,283,879.64"
"Resumen Consolidado          Saldo Inicial     Total Débitos      Total Créditos","Saldo Final"
"14990,109.77","414695,193.61","419988,963.48","20283,879.64"
"IVA Total               25,735.71    POR IVA DISCRIM.","O CORRESP. CRED. FISCAL"
"IMPUESTO A LOS DEBITOS Y CREDITOS",""
"Total del Mes:","0.00"
"Crédito  Impuesto  Mensual= D.380/2001 art.13, m","odif. por D. 409/2018."
"",""
"",""
"",""
"____________________________________________________________________________________________________"
"Plazo de acreditación para la operatoria de depósito de cheques y otros documentos:"
"a) Cheques o Documentos depositados del Banco de La Pampa en la misma Sucursal:"
"Los fondos estarán disponibles a las 24 hs  hábiles, del día del depósito (S.E.U.O.)*"
"b) Resto de los cheques o documentos:"
"Los fondos estarán disponibles a las 48 hs hábiles, del día del depósito (S.E.U.O.)*"
"(*) Salvo error u omisión"
